DATE,TSX,RETAIL,POP,LFC,PTM,UNEMP,EI,CPIT,CPIC,AHPI,VHPI,CHPI,MHPI,THPI,THPIH,THPIA,NEWHL,STLP,NHSTRT,NHCMPL,HSTRT,RENT,ABS,UABS,ALOAN,DELR,OWN,RETAILC,CNEWHL,CNEWH,CNEWL,AVGPT,AVGPG,DMKT,INV,BONDS
1982-01,1786.91,,,,,,,49.9,52.2,,,,,,,,40.3,,968,"1,607",,49.3,,,,,54.1,,40.3,39.1,40.5,,,,,16.33
1982-02,1671.34,,,,,,,50.6,52.8,,,,,,,,40.3,,"1,392","1,722",,49.6,,,,,54.6,,40.3,38.9,40.6,,,,,15.5
1982-03,1587.83,,,,,,,51.5,53.5,,,,,,,,40.1,,"1,924","1,939",,49.9,,,,,55.0,,40.1,38.6,40.7,,,,,15.62
1982-04,1548.17,,,,,,,51.8,53.8,,,,,,,,39.9,,"1,565","1,209",,50,,,,,55.3,,39.9,38.5,40.6,,,,,15.35
1982-05,1523.68,,,,,,,52.6,54.5,,,,,,,,39.6,,"1,614","2,192",,50.4,,,,,55.8,,39.6,38.1,40.1,,,,,15.32
1982-06,1366.8,,,,,,,53.2,55.1,,,,,,,,39.3,,"1,133","1,893",,50.8,,,,,56.0,,39.3,38.1,39.5,,,,,16.48
1982-07,1411.9,,,,,,,53.5,55.4,,,,,,,,39,,801,"1,424",,51,,,,,56.4,,39.0,38.0,38.5,,,,,16.04
1982-08,1613.32,,,,,,,53.7,55.6,,,,,,,,38.8,,"1,987","2,397",,51.4,,,,,56.9,,38.8,37.8,38.2,,,,,14.63
1982-09,1602.01,,,,,,,53.8,55.9,,,,,,,,38.4,,914,"1,613",,51.8,,,,,57.1,,38.4,37.6,37.5,,,,,14.1
1982-10,1774.04,,,,,,,54.2,56.3,,,,,,,,38.3,,"1,860","1,286",,52.3,,,,,58.3,,38.3,37.4,37.5,,,,,13.34
1982-11,1838.31,,,,,,,54.7,56.6,,,,,,,,38,,"2,568","2,343",,52.8,,,,,58.1,,38.0,37.3,37.0,,,,,12.39
1982-12,1958.08,,,,,,,54.8,56.6,,,,,,,,37.9,,"2,338","1,832",,53.1,,,,,58.4,,37.9,37.2,37.0,,,,,11.92
1983-01,2031.47,,,,,,,54.6,56.5,,,,,,,,37.9,,"1,801","1,591",,53.4,,,,,58.4,,37.9,37.3,36.8,,,,,12.48
1983-02,2090.37,,,,,,,55,56.8,,,,,,,,37.9,,"1,506","1,925",,53.6,,,,,58.6,,37.9,37.2,36.8,,,,,12.06
1983-03,2156.06,,,,,,,55.5,57.4,,,,,,,,37.8,,"1,831","2,638",,53.9,,,,,58.7,,37.8,37.2,37.0,,,,,11.97
1983-04,2340.81,,,,,,,55.2,57.4,,,,,,,,37.8,,"2,082","1,742",,54.2,,,,,58.7,,37.8,37.0,37.2,,,,,11.45
1983-05,2420.65,,,,,,,55.2,57.5,,,,,,,,37.7,,"4,343","1,854",,54.2,,,,,58.7,,37.7,36.9,37.2,,,,,11.63
1983-06,2446.97,,,,,,,56.3,58.1,,,,,,,,37.8,,"2,191","3,016",,54.6,,,,,58.9,,37.8,37.0,37.4,,,,,11.93
1983-07,2477.62,,,,,,,56.5,58.4,,,,,,,,37.8,,"1,741","2,967",,55,,,,,59.1,,37.8,37.0,37.4,,,,,12.19
1983-08,2483.09,,,,,,,56.7,58.7,,,,,,,,38,,"1,682","1,954",,55.3,,,,,59.3,,38.0,37.2,37.2,,,,,12.55
1983-09,2499.58,,,,,,,56.7,58.7,,,,,,,,38,,"1,695","2,334",,55.5,,,,,59.3,,38.0,37.2,37.3,,,,,12.15
1983-10,2361.08,,,,,,,57.1,59.1,,,,,,,,37.9,,"2,292","2,456",,55.9,,,,,60.2,,37.9,37.2,37.2,,,,,12.09
1983-11,2540.89,,,,,,,56.9,59.1,,,,,,,,38,,"1,633","1,992",,56.1,,,,,60.2,,38.0,37.3,37.4,,,,,12.15
1983-12,2552.35,,,,,,,57.2,59.2,,,,,,,,37.9,,"2,474","1,713",,56.4,,,,,60.4,,37.9,37.2,37.2,,,,,12.29
1984-01,2468.88,,,,,,,57.6,59.6,,,,,,,,38,,"1,413","1,393",,56.7,,,,,60.4,,38.0,37.2,37.3,,,,,12.21
1984-02,2419.83,,,,,,,58.1,59.9,,,,,,,,38,,"1,412","1,658",,56.9,,,,,60.3,,38.0,37.4,37.3,,,,,12.61
1984-03,2382.1,,,,,,,58.1,60,,,,,,,,38.1,,804,"1,828",,57.1,,,,,60.2,,38.1,37.5,37.3,,,,,13.28
1984-04,2323.34,,,,,,,58.2,60.2,,,,,,,,38.2,,"1,868","1,570",,57.3,,,,,60.4,,38.2,37.6,37.4,,,,,13.54
1984-05,2229.75,,,,,,,58.3,60.2,,,,,,,,38.2,,"1,563","2,126",,57.4,,,,,60.4,,38.2,37.6,37.4,,,,,14.12
1984-06,2220.94,,,,,,,58.8,60.6,,,,,,,,38.1,,"2,014","2,755",,57.7,,,,,60.4,,38.1,37.4,37.4,,,,,14.05
1984-07,2139.99,,,,,,,59.1,60.8,,,,,,,,38.1,,"1,894","1,874",,58,,,,,60.4,,38.1,37.4,37.4,,,,,13.66
1984-08,2388.81,,,,,,,59.1,60.8,,,,,,,,38,,"1,902","2,264",,58.3,,,,,60.7,,38.0,37.3,37.4,,,,,13.11
1984-09,2392.65,,,,,,,59.2,60.9,,,,,,,,37.9,,"1,560","1,861",,58.6,,,,,60.7,,37.9,37.2,37.3,,,,,12.87
1984-10,2353.26,,,,,,,59.2,61.1,,,,,,,,37.9,,"1,751","3,080",,58.9,,,,,61.7,,37.9,37.2,37.2,,,,,12.48
1984-11,2368.54,,,,,,,59.6,61.4,,,,,,,,37.8,,"1,383","2,071",,59.2,,,,,61.9,,37.8,37.2,37.0,,,,,12.1
1984-12,2400.33,,,,,,,59.6,61.4,,,,,,,,37.9,,585,668,,59.3,,,,,61.8,,37.9,37.3,37.0,,,,,11.99
1985-01,2595.05,,,,,,,60,61.7,,,,,,,,38,,"1,038","1,582",,59.6,,,,,62.1,,38.0,37.4,37.1,,,,,11.71
1985-02,2594.98,,,,,,,60.3,62.1,,,,,,,,38,,913,"1,613",,59.8,,,,,62.1,,38.0,37.4,37.2,,,,,12.52
1985-03,2612.81,,,,,,,60.5,62.2,,,,,,,,38.1,,"1,913",889,,60.1,,,,,62.2,,38.1,37.5,37.3,,,,,12.2
1985-04,2635.31,,,,,,,60.7,62.5,,,,,,,,38.1,,"2,156",979,,60.2,,,,,62.3,,38.1,37.5,37.3,,,,,11.69
1985-05,2736.31,,,,,,,60.7,62.7,,,,,,,,38.1,,"2,485","1,384",,60.5,,,,,62.3,,38.1,37.4,37.5,,,,,11.01
1985-06,2712.5,,,,,,,61,63,,,,,,,,38.3,,"2,517","1,827",,60.7,,,,,62.5,,38.3,37.6,37.8,,,,,11.13
1985-07,2778.6,,,,,,,61.1,63.3,,,,,,,,38.4,,"2,838","2,125",,60.9,,,,,62.5,,38.4,37.7,37.8,,,,,11.18
1985-08,2819.98,,,,,,,61.3,63.3,,,,,,,,38.5,,"3,307","2,277",,61.2,,,,,62.5,,38.5,38.0,38.0,,,,,10.8
1985-09,2632.25,,,,,,,61.3,63.4,,,,,,,,38.8,,"1,308","1,623",,61.5,,,,,62.8,,38.8,38.1,38.2,,,,,11.03
1985-10,2674.84,,,,,,,61.5,63.6,,,,,,,,38.9,,"3,020","1,878",,61.9,,,,,63.4,,38.9,38.4,38.2,,,,,10.74
1985-11,2857.18,,,,,,,61.9,63.8,,,,,,,,39.2,,"3,219","2,096",,62.3,,,,,63.6,,39.2,38.6,38.3,,,,,10.4
1985-12,2900.6,,,,,,,62.2,64.1,,,,,,,,39.3,,"1,636","1,604",,62.5,,,,,63.9,,39.3,38.7,38.4,,,,,9.99
1986-01,2842.96,,,,,,,62.5,64.4,,,,,,,,39.8,,"1,636","2,031",,62.8,,,,,63.9,,39.8,39.4,38.8,,,,,10.41
1986-02,2855.83,,,,,,,62.9,64.7,,,,,,,,40.3,,"1,800","1,751",,63,,,,,64.4,,40.3,39.9,39.2,,,,,10.06
1986-03,3047.26,,,,,,,63,64.9,,,,,,,,40.6,,"2,389","1,641",,63.2,,,,,65.0,,40.6,40.2,39.3,,,,,9.62
1986-04,3078.89,,,,,,,63,64.9,,,,,,,,40.8,,"3,570","2,175",,63.3,,,,,65.3,,40.8,40.6,39.3,,,,,8.95
1986-05,3121.97,,,,,,,63.4,65.3,,,,,,,,41.1,,"3,850","2,211",,63.5,,,,,65.6,,41.1,40.9,39.5,,,,,9.14
1986-06,3085.5,,,,,,,63.6,65.4,,,,,,,,41.3,,"3,654","1,642",,63.8,,,,,66.0,,41.3,41.2,39.7,,,,,9.11
1986-07,2935.33,,,,,,,64.3,65.9,,,,,,,,41.6,,"2,873","2,793",,64.1,,,,,66.4,,41.6,41.4,39.8,,,,,9.17
1986-08,3028.2,,,,,,,64.4,66,,,,,,,,42,,"2,067","2,065",,64.3,,,,,66.5,,42.0,41.9,40.1,,,,,8.94
1986-09,2979.3,,,,,,,64.4,66,,,,,,,,42.8,,"3,368","2,797",,64.7,,,,,67.3,,42.8,42.9,40.6,,,,,9.16
1986-10,3038.89,,,,,,,64.9,66.4,,,,,,,,43.2,,"2,636","2,785",,64.7,,,,,69.1,,43.2,43.4,40.6,,,,,9.24
1986-11,3046.8,,,,,,,65.4,66.7,,,,,,,,43.8,,"3,223","3,008",,65.1,,,,,69.6,,43.8,44.1,41.0,,,,,8.95
1986-12,3066.18,,,,,,,65.5,66.8,,,,,,,,44,,"2,974","2,162",,65.2,,,,,70.5,,44.0,44.4,41.0,,,,,8.9
1987-01,3348.85,,,,,,,65.7,67,,,,,,,,44.4,,"3,283","3,028",,65.4,,,,,70.8,,44.4,44.8,41.1,,,,,8.51
1987-02,3498.93,,,,,,,66,67.3,,,,,,,,45.2,,"2,952","2,469",,65.8,,,,,71.5,,45.2,45.9,41.3,,,,,8.76
1987-03,3739.47,,,,,,,66.4,67.5,,,,,,,,46.6,,"4,530","2,537",,66.1,,,,,72.4,,46.6,47.3,42.7,,,,,8.59
1987-04,3716.74,,,,,,,66.8,67.9,,,,,,,,47.1,,"4,449","2,204",,66.3,,,,,74.3,,47.1,48.0,43.1,,,,,9.45
1987-05,3685.24,,,,,,,67.3,68.3,,,,,,,,47.5,,"4,965","2,472",,66.5,,,,,74.9,,47.5,48.3,43.5,,,,,9.76
1987-06,3740.19,,,,,,,67.6,68.5,,,,,,,,47.7,,"4,514","4,041",,66.8,,,,,75.3,,47.7,48.6,43.6,,,,,9.53
1987-07,4030.35,,,,,,,68.3,68.9,,,,,,,,48,,"4,477","4,370",,67.1,,,,,75.8,,48.0,48.8,43.9,,,,,10.04
1987-08,3993.6,,,,,,,68.3,69,,,,,,,,48.2,,"4,443","2,665",,67.4,,,,,76.1,,48.2,49.0,44.2,,,,,10.36
1987-09,3902.37,,,,,,,68.3,69,,,,,,,,48.7,,"4,097","3,387",,67.5,,,,,76.2,,48.7,49.2,45.4,,,,,11.18
1987-10,3019.27,,,,,,,68.3,69.2,,,,,,,,48.9,,"3,444","2,588",,67.9,,,,,76.9,,48.9,49.3,45.6,,,,,10.12
1987-11,2978.34,,,,,,,68.6,69.5,,,,,,,,49.1,,"3,432","3,431",,68.1,,,,,77.1,,49.1,49.5,45.9,,,,,10.43
1987-12,3160.05,,,,,,,68.6,69.6,,,,,,,,49.1,,"1,932","3,333",,68.4,,,,,77.2,,49.1,49.5,46.1,,,,,10.29
1988-01,3057.22,,,,,,,68.8,69.7,,,,,,,,49.3,,"2,509","3,146",,68.6,,,,,77.5,,49.3,49.7,46.4,,,,,9.66
1988-02,3204.83,,,,,,,69.1,70,,,,,,,,49.8,,"2,425","2,536",,68.8,,,,,77.2,,49.8,50.1,46.9,,,,,9.51
1988-03,3313.79,,,,,,,69.4,70.4,,,,,,,,50.3,,"2,613","2,440",,69,,,,,77.9,,50.3,50.6,47.4,,,,,10.05
1988-04,3339.77,,,,,,,69.8,70.6,,,,,,,,51.2,,"4,080","2,852",,69.4,,,,,78.6,,51.2,51.5,48.3,,,,,10.27
1988-05,3249.22,,,,,,,70.7,71,,,,,,,,51.9,,"5,724","2,965",,69.6,,,,,79.4,,51.9,52.1,49.3,,,,,10.24
1988-06,3441.48,,,,,,,71.1,71.2,,,,,,,,52.3,,"2,820","3,819",,69.9,"2,007",304,,,80.2,,52.3,52.4,50.3,,,,,9.99
1988-07,3376.73,,,,,,,71.4,71.6,,,,,,,,52.5,,"3,009","2,549",,70.2,"1,771",283,,,80.8,,52.5,52.5,50.6,,,,,10.22
1988-08,3285.82,,,,,,,71.7,71.7,,,,,,,,53,,"4,216","3,196",,70.9,"1,563",295,,,81.3,,53.0,53.0,50.9,,,,,10.47
1988-09,3283.71,,,,,,,71.7,71.8,,,,,,,,53.9,,"3,494","2,101",,71.3,"1,761",316,,,82.2,,53.9,53.8,52.3,,,,,10.21
1988-10,3395.52,,,,,,,72.2,72.2,,,,,,,,54.3,,"2,642","3,677",,71.9,"1,854",370,,,84.2,,54.3,54.1,52.8,,,,,9.89
1988-11,3294.68,,,,,,,72.6,72.3,,,,,,,,55,,"3,065","2,980",,72.1,"2,123",366,,,84.8,,55.0,54.4,54.3,,,,,10.05
1988-12,3389.99,,,,,,,72.7,72.3,,,,,,,,55.8,,"2,194","1,981",,72.5,"1,813",318,,,85.2,,55.8,54.6,56.2,,,,,10
1989-01,3616.64,,,,,,,73.1,72.7,,,,,,,,56.3,,"4,058","5,648","36,929",72.9,"1,850",306,,,85.9,,56.3,54.7,57.6,,,,,9.82
1989-02,3572.12,,,,,,,73.6,73.2,,,,,,,,57.7,,"2,410","2,868","36,453",73.1,"1,521",162,,,86.3,,57.7,55.6,60.3,,,,,10.19
1989-03,3578.22,,,,,,,74.1,73.6,,,,,,,,58.6,,"4,120","3,426","37,122",73.4,"1,673",140,,,87.4,,58.6,56.1,62.5,,,,,10.3
1989-04,3627.85,,,,,,,74.4,73.8,,,,,,,,59.1,,"3,384","3,320","37,176",73.9,"1,508",132,,,88.7,,59.1,56.4,63.4,,,,,10
1989-05,3707.44,,,,,,,75.1,74.6,,,,,,,,59.3,,"3,745","3,315","37,397",74.2,"1,316",137,,,89.1,,59.3,56.5,63.6,,,,,9.65
1989-06,3760.91,,,,,,,75.6,74.9,,,,,,,,59.6,,"2,783","3,150","37,030",74.6,"1,508",157,,,89.6,,59.6,56.9,64.0,,,,,9.42
1989-07,3970.8,,,,,,,76.1,75.4,,,,,,,,59.8,,"2,713","2,682","37,060",74.9,"1,541",147,,,90.4,,59.8,56.9,64.5,,,,,9.41
1989-08,4010.2,,,,,,,76.1,75.5,,,,,,,,59.8,,"1,767","3,574","35,244",75.3,"1,351",163,,,90.8,,59.8,56.9,64.7,,,,,9.36
1989-09,3943.1,,,,,,,76.2,75.6,,,,,,,,60.1,,"1,854","3,589","33,502",75.5,"1,611",309,,,91.0,,60.1,57.1,65.2,,,,,9.66
1989-10,3918.7,,,,,,,76.6,75.9,,,,,,,,60.4,,"2,408","2,578","33,204",75.7,"1,383",367,,,93.6,,60.4,57.4,65.5,,,,,9.28
1989-11,3942.8,,,,,,,76.9,76.1,,,,,,,,60.8,,"3,121","2,509","33,673",76,"1,210",492,,,93.6,,60.8,57.6,66.6,,,,,9.49
1989-12,3969.79,,,,,,,77,76.1,,,,,,,,61.1,,"2,821","2,738","33,770",76.1,"1,341",526,,,93.8,,61.1,57.9,67.0,,,,,9.37
1990-01,3704.5,,,,,,,77.4,76.7,,,,,,,,61.7,,"2,435","2,965","33,222",76.2,"1,079",543,,,94.8,,61.7,58.4,67.6,,,,,9.75
1990-02,3686.8,,,,,,,78,77.2,,,,,,,,61.8,,"1,532","2,148","32,608",76.5,"1,080",541,,,95.0,,61.8,58.4,68.0,,,,,10.34
1990-03,3639.6,,,,,,,78.2,77.5,,,,,,,,61.9,,"2,006","3,146","31,467",76.8,"1,012",624,,,95.0,,61.9,58.5,68.4,,,,,10.71
1990-04,3341,,,,,,,78.1,77.5,,,,,,,,61.8,,"1,840","3,031","30,143",77.1,961,775,,,95.4,,61.8,58.3,68.5,,,,,11.35
1990-05,3581.99,,,,,,,78.5,77.9,,,,,,,,61.5,,"1,984","2,581","29,379",77.2,629,"1,051",,,95.7,,61.5,57.9,68.6,,,,,10.75
1990-06,3544,,,,,,,78.9,78.2,,,,,,,,60.8,,816,"2,096","28,161",77.5,983,"1,060",,,95.4,,60.8,56.8,68.3,,,,,10.49
1990-07,3561.2,,,,,,,79.3,78.5,,,,,,,,60.4,,"2,329","2,315","28,172",77.7,873,973,,,94.8,,60.4,56.3,68.3,,,,,10.54
1990-08,3346.3,,,,,,,79.2,78.6,,,,,,,,59.8,,919,"1,125","27,963",78,941,974,,,94.6,,59.8,55.7,67.6,,,,,10.7
1990-09,3159.4,,,,,,,79.3,78.8,,,,,,,,59,,"1,504","1,978","27,488",78.2,"1,066","1,044",,,94.3,,59.0,55.0,66.6,,,,,11.49
1990-10,3081.26,,,,,,,80,79.5,,,,,,,,58.6,,"1,117","3,137","25,527",78.5,816,"1,070",,,95.4,,58.6,54.3,66.5,,,,,11.14
1990-11,3151.1,,,,,,,80.3,80,,,,,,,,58,,"1,175","1,797","24,917",78.8,763,"1,151",,,95.0,,58.0,53.6,66.1,,,,,10.65
1990-12,3256.8,,,,,,,80,79.9,,,,,,,,57.8,,"1,066","1,617","24,374",79,889,"1,092",,,94.1,,57.8,53.4,66.1,,,,,10.4
1991-01,3273,,,,,,,81.4,82,,,,,,,,56.9,,"1,012","3,859","21,526",79.1,"1,466",906,,,94.9,,56.9,52.6,65.1,,,,,10.15
1991-02,3462.37,,,,,,,81.4,82,,,,,,,,55.8,,657,"2,081","20,114",79.4,730,800,,,94.2,,55.8,51.7,63.6,,,,,9.88
1991-03,3495.7,,,,,,,81.7,82.3,,,,,,,,56,,677,"1,553","19,230",79.4,570,767,,,92.5,,56.0,52.0,63.8,,,,,9.79
1991-04,3468.9,,,,,,,81.7,82.3,,,,,,,,55.8,,"1,491","1,706","18,998",79.6,622,712,,,92.9,,55.8,51.7,63.9,,,,,9.88
1991-05,3546.2,,,,,,,82.3,82.7,,,,,,,,56.2,,"1,263","2,219","18,083",79.9,618,615,,,93.1,,56.2,52.4,64.0,,,,,9.83
1991-06,3465.82,,,,,,,82.8,83.1,,,,,,,,56.2,,"2,216","1,751","18,549",80,643,536,,,94.4,,56.2,52.4,64.0,,,,,10.23
1991-07,3539.64,,,,,,,82.9,83.2,,,,,,,,56.3,,"2,481","1,881","19,141",80.2,720,478,,,94.5,,56.3,52.4,64.3,,,,,10.08
1991-08,3517.89,,,,,,,82.9,83.3,,,,,,,,56.2,,"1,949","1,868","19,218",80.3,792,397,,,94.7,,56.2,52.3,64.2,,,,,9.89
1991-09,3387.88,,,,,,,82.5,83.1,,,,,,,,56.2,,"2,626","2,244","19,594",80.5,998,392,,,94.5,,56.2,52.3,64.2,,,,,9.53
1991-10,3515.76,,,,,,,82.3,83,,,,,,,,56.2,,"1,735","3,028","18,299",80.8,"1,266",380,,,95.3,,56.2,52.4,64.1,,,,,9.16
1991-11,3448.51,,,,,,,82.6,83.3,,,,,,,,55.9,,"1,702","1,776","18,216",80.8,"1,263",382,,,95.4,,55.9,52.1,63.9,,,,,9.16
1991-12,3512.36,,,,,,,82.3,82.9,,,,,,,,55.9,,"1,005","2,041","17,209",81.1,976,404,,,95.0,,55.9,52.1,64.0,,,,,9
1992-01,3596.12,,,,,,,82.3,83.3,,,,,,,,55.8,,784,"3,728","14,231",81.2,"1,004",429,,,94.7,,55.8,52.0,63.9,,,,,8.92
1992-02,3581.94,,,,,,,82.4,83.3,,,,,,,,55.8,,"1,331","1,902","13,660",81.4,796,474,,,94.5,,55.8,51.8,64.0,,,,,8.94
1992-03,3412.14,,,,,,,82.8,83.6,,,,,,,,55.9,,"1,300",992,"13,965",81.7,588,530,,,93.7,,55.9,51.9,64.3,,,,,9.16
1992-04,3355.56,,,,,,,82.7,83.7,,,,,,,,56,,"2,614",920,"15,456",81.7,550,566,,,93.4,,56.0,52.0,64.7,,,,,9.4
1992-05,3387.93,,,,,,,82.9,83.8,,,,,,,,56,,"2,679","1,815","16,187",81.8,649,555,,,93.6,,56.0,51.9,64.9,,,,,9.07
1992-06,3387.7,,,,,,,83.1,84,,,,,,,,56.2,,"1,542","1,735","15,944",82.1,920,602,,,93.2,,56.2,52.0,65.1,,,,,8.83
1992-07,3443.42,,,,,,,83.3,84.2,,,,,,,,56.3,,"2,892","1,319","17,502",82.2,653,519,,,93.1,,56.3,52.0,66.0,,,,,8.34
1992-08,3402.92,,,,,,,83.2,84.2,,,,,,,,56.3,,"1,481","2,755","16,219",82.3,928,609,,,92.9,,56.3,51.9,65.9,,,,,8.12
1992-09,3297.88,,,,,,,82.9,84.2,,,,,,,,56.2,,"1,920","1,814","16,315",82.6,"1,434",535,,,92.2,,56.2,51.7,66.0,,,,,8.33
1992-10,3336.12,,,,,,,83.1,84.3,,,,,,,,56.3,,"1,183","2,062","15,304",82.7,"1,083",510,,,93.4,,56.3,51.7,66.4,,,,,8.21
1992-11,3282.83,,,,,,,83.5,84.7,,,,,,,,56.3,,"1,620","1,331","15,711",82.9,874,488,,,93.3,,56.3,52.0,66.3,,,,,8.5
1992-12,3350.44,,,,,,,83.4,84.7,,,,,,,,56.3,,"1,424","2,029","15,111",83,800,525,,,93.8,,56.3,51.9,66.4,,,,,8.36
1993-01,3305.47,,,,,,,83.6,85,,,,,,,,56.2,,647,"1,541","14,229",83.1,"1,051",466,,,93.6,,56.2,51.8,66.4,,,,,8.51
1993-02,3451.69,,,,,,,84.2,85.3,,,,,,,,56.4,,"1,042","1,281","13,999",83.3,741,459,,,93.4,,56.4,52.0,66.6,,,,,8.13
1993-03,3602.44,,,,,,,84.2,85.2,,,,,,,,56.7,,"1,364","1,412","13,945",83.5,678,449,,,93.0,,56.7,52.3,67.0,,,,,8.18
1993-04,3789.41,,,,,,,83.9,85.2,,,,,,,,57,,"1,471","1,123","14,227",83.6,730,423,,,92.7,,57.0,52.6,67.2,,,,,8.15
1993-05,3882.68,,,,,,,83.9,85.4,,,,,,,,56.8,,"1,831","1,186","15,023",83.7,735,402,,,92.0,,56.8,52.2,67.4,,,,,8.17
1993-06,3966.37,,,,,,,84.1,85.4,,,,,,,,56.9,,985,966,"15,014",84,735,381,,,92.0,,56.9,52.4,67.6,,,,,8.01
1993-07,3967.23,,,,,,,84.4,85.6,,,,,,,,57,,"1,307","3,251","13,141",84.1,818,384,,,92.2,,57.0,52.3,67.8,,,,,7.85
1993-08,4137.55,,,,,,,84.4,85.7,,,,,,,,57.1,,982,"2,835","11,294",84.3,"1,082",375,,,91.7,,57.1,52.5,67.8,,,,,7.47
1993-09,3990.61,,,,,,,84.5,85.7,,,,,,,,57.1,,"1,289","2,094","10,500",84.5,884,412,,,92.1,,57.1,52.6,67.8,,,,,7.57
1993-10,4255.54,,,,,,,84.7,85.9,,,,,,,,57,,"1,534","1,480","10,562",84.7,858,427,,,92.8,,57.0,52.5,67.7,,,,,7.41
1993-11,4180.21,,,,,,,84.8,86.3,,,,,,,,57,,"2,085","1,150","11,500",84.9,722,470,,,92.3,,57.0,52.5,67.7,,,,,7.56
1993-12,4321.43,,,,,,,84.8,86.1,,,,,,,,56.9,,"1,100","1,508","11,076",85.2,670,447,,,92.2,,56.9,52.4,67.7,,,,,7.28
1994-01,4554.85,,,,,,,84.7,86.1,,,,,,,,57,,662,"1,396","10,352",85.2,796,478,,,91.7,,57.0,52.4,67.8,,,,,7.16
1994-02,4423.84,,,,,,,84.3,85.4,,,,,,,,56.9,,876,806,"10,417",85.4,560,455,,,91.5,,56.9,52.4,67.6,,,,,7.53
1994-03,4329.62,,,,,,,84.1,85.4,,,,,,,,56.9,,"1,004","1,150","10,268",85.4,546,441,,,91.0,,56.9,52.3,67.7,,,,,8.33
1994-04,4267.12,,,,,,,84.1,85.4,,,,,,,,56.9,,"1,850","1,030","11,087",85.5,548,473,,,90.3,,56.9,52.4,67.7,,,,,8.22
1994-05,4326.77,,,,,,,83.9,85.2,,,,,,,,56.9,,"1,341","1,143","11,275",85.6,714,518,,,90.5,,56.9,52.3,67.8,,,,,8.58
1994-06,4025.25,,,,,,,83.9,85.4,,,,,,,,57,,"1,608","1,098","11,782",85.7,670,433,,,90.7,,57.0,52.4,67.8,,,,,9.27
1994-07,4178.97,,,,,,,84.4,85.7,,,,,,,,56.9,,"2,121","1,646","12,258",85.8,"1,052",368,,,90.7,,56.9,52.3,67.8,,,,,9.46
1994-08,4349.5,,,,,,,84.5,85.8,,,,,,,,57,,"1,819","1,465","12,611",86,831,402,,,91.0,,57.0,52.4,67.8,,,,,8.87
1994-09,4354.18,,,,,,,84.5,85.9,,,,,,,,57,,"2,050","1,817","12,849",86.1,"1,155",387,,,91.2,,57.0,52.4,67.8,,,,,9.07
1994-10,4291.65,,,,,,,84.3,85.7,,,,,,,,56.9,,"2,425","2,348","12,932",86.3,"1,103",496,,,91.3,,56.9,52.4,67.8,,,,,9.36
1994-11,4093.41,,,,,,,84.8,86.2,,,,,,,,56.8,,"1,776","2,047","12,662",86.5,"1,273",492,,,91.3,,56.8,52.3,67.7,,,,,9.26
1994-12,4213.61,,,,,,,85.1,86.3,,,,,,,,56.8,,911,"1,429","12,143",86.6,"1,251",483,,,91.3,,56.8,52.3,67.6,,,,,9.13
1995-01,4017.48,,,,,,,85.7,86.6,,,,,,,,56.8,,954,"1,932","11,168",86.8,867,458,,,91.7,,56.8,52.3,67.6,,,,,9.4
1995-02,4124.81,,,,,,,86,87,,,,,,,,56.7,,"1,179","1,119","11,222",86.9,574,537,,,92.0,,56.7,52.2,67.4,,,,,8.87
1995-03,4313.61,,,,,,,86.1,87.2,,,,,,,,56.6,,"1,302",919,"11,609",87,734,556,,,92.2,,56.6,52.2,67.4,,,,,8.76
1995-04,4279.47,,,,,,,86.2,87.5,,,,,,,,56.5,,"1,553","1,457","11,699",87.1,676,560,,,92.4,,56.5,52.1,67.4,,,,,8.52
1995-05,4448.64,,,,,,,86.6,87.7,,,,,,,,56.4,,"1,102","1,193","11,611",87.4,665,550,,,92.8,,56.4,52.0,67.2,,,,,8.26
1995-06,4527.15,,,,,,,86.7,87.7,,,,,,,,56.3,,"1,623","1,298","11,935",87.5,786,576,,,92.8,,56.3,51.8,67.0,,,,,8.19
1995-07,4615.05,,,,,,,86.7,87.9,,,,,,,,56.2,,912,"1,375","11,472",87.5,845,585,,,92.6,,56.2,51.8,66.9,,,,,8.66
1995-08,4516.7,,,,,,,86.5,87.7,,,,,,,,56.2,,"1,396","1,831","11,036",87.7,936,601,,,92.6,,56.2,51.8,67.0,,,,,8.41
1995-09,4529.75,,,,,,,86.8,87.8,,,,,,,,56.2,,"1,443","1,554","10,925",87.8,836,635,,,92.4,,56.2,51.7,66.9,,,,,8.27
1995-10,4459.16,,,,,,,86.7,87.7,,,,,,,,55.9,,"1,022","1,301","10,646",87.8,833,646,,,92.7,,55.9,51.4,66.6,,,,,8.28
1995-11,4661.18,,,,,,,86.8,88,,,,,,,,55.6,,"1,968",843,"11,770",87.9,524,625,,,92.6,,55.6,51.3,66.4,,,,,7.63
1995-12,4713.54,,,,,,,86.7,87.8,,,,,,,,55.7,,"1,871","1,013","12,629",88,653,674,,,92.4,,55.7,51.3,66.4,,,,,7.63
1996-01,4968.43,,,,,,,86.9,88,,,,,,,,55.6,,"1,038","1,282","12,385",88.1,660,679,,,92.4,,55.6,51.3,66.4,,,,,7.64
1996-02,4933.72,,,,,,,87.2,88.1,,,,,,,,55.4,,816,"1,376","11,813",88.2,602,668,,,92.4,,55.4,51.0,66.4,,,,,8.08
1996-03,4970.83,,,,,,,87.5,88.5,,,,,,,,55.3,,923,"1,263","11,456",88.3,605,664,,,91.7,,55.3,50.9,66.3,,,,,8.14
1996-04,5146.47,,,,,,,87.7,88.7,,,,,,,,55.1,,"1,063","1,011","11,511",88.4,544,576,,,92.0,,55.1,50.6,66.3,,,,,8.26
1996-05,5246.4,,,,,,,87.8,89,,,,,,,,55,,"2,100","1,186","12,430",88.6,592,537,,,91.8,,55.0,50.5,66.3,,,,,8.09
1996-06,5044.07,,,,,,,87.7,89,,,,,,,,55.1,,"1,844","1,541","12,729",88.8,618,548,,,91.5,,55.1,50.6,66.3,,,,,8.17
1996-07,4929.15,,,,,,,87.7,89,,,,,,,,55,,"1,818","1,203","13,346",89,801,532,,,91.5,,55.0,50.6,66.3,,,,,8.06
1996-08,5143.43,,,,,,,87.9,89,,,,,,,,55,,"1,406","1,431","13,321",89.1,941,502,,,91.2,,55.0,50.6,66.2,,,,,7.83
1996-09,5291.07,,,,,,,88.2,89.1,,,,,,,,55,,"2,343","1,657","14,021",89.4,"1,351",539,,,91.0,,55.0,50.6,66.1,,,,,7.75
1996-10,5598.82,,,,,,,88.4,89.3,,,,,,,,55,,"1,787","2,468","13,340",89.5,"1,148",541,,,91.0,,55.0,50.6,66.1,,,,,7.12
1996-11,6016.67,,,,,,,88.8,89.7,,,,,,,,55.2,,"1,859","1,784","13,421",89.5,"1,151",533,,,90.8,,55.2,50.8,66.1,,,,,6.75
1996-12,5927.03,,,,,,,89,89.7,,,,,,,,55.2,,"2,001","2,220","13,206",89.5,953,575,,,90.7,,55.2,50.8,66.2,,,,,7.09
1997-01,6109.58,,,,,,,89,89.9,,,,,,,,55.3,,"1,308","1,778","12,735",89.6,"1,089",564,,,90.9,,55.3,51.0,66.2,,,,,7.38
1997-02,6157.84,,,,,,,89,90.1,,,,,,,,55.4,,"1,486","1,365","12,722",89.8,888,589,,,90.8,,55.4,51.1,66.3,,,,,7.08
1997-03,5850.22,,,,,,,89.3,90.2,,,,,,,,55.5,,"1,412","1,304","12,842",89.8,828,534,,,91.0,,55.5,51.2,66.2,,,,,7.24
1997-04,5976.63,,,,,,,89.4,90.2,,,,,,,,55.5,,"2,623","2,327","13,140",90.1,"1,065",506,,,91.2,,55.5,51.3,66.1,,,,,7.18
1997-05,6382.12,,,,,,,89.3,90.3,,,,,,,,55.6,,"2,398","1,889","13,651",90.2,992,465,,,91.2,,55.6,51.3,66.2,,,,,7.15
1997-06,6437.74,,,,,,,89.7,90.5,,,,,,,,55.6,,"1,648","1,795","13,497",90.4,998,458,,,91.3,,55.6,51.4,66.3,,,,,6.73
1997-07,6877.68,,,,,,,89.6,90.5,,,,,,,,55.6,,"2,424","1,952","14,099",90.5,"1,420",449,,,91.1,,55.6,51.4,66.3,,,,,6.32
1997-08,6611.79,,,,,,,89.9,90.6,,,,,,,,55.6,,"2,598","2,149","14,548",90.7,"1,554",422,,,91.0,,55.6,51.4,66.3,,,,,6.63
1997-09,7040.23,,,,,,,89.7,90.6,,,,,,,,55.6,,"2,632","1,955","15,224",90.8,"1,648",398,,,90.7,,55.6,51.4,66.3,,,,,6.26
1997-10,6842.36,,,,,,,89.9,90.6,,,,,,,,55.6,,"2,375","2,253","15,353",90.9,"1,352",391,,,90.7,,55.6,51.4,66.3,,,,,6.05
1997-11,6512.78,,,,,,,89.6,90.5,,,,,,,,55.8,,"2,389","2,104","15,643",91,"1,503",405,,,90.4,,55.8,51.7,66.3,,,,,5.96
1997-12,6699.44,,,,,,,89.5,90.4,,,,,,,,55.9,,"2,281","2,471","15,457",91.1,"1,300",437,,,90.8,,55.9,51.8,66.4,,,,,5.95
1998-01,6700.2,,,,,,,89.9,90.9,,,,,,,,56,,"1,692","2,005","15,154",91.2,"1,419",451,,,90.8,,56.0,51.9,66.4,,,,,5.81
1998-02,7092.49,,,,,,,90.4,91,,,,,,,,56,,"1,438","1,985","14,727",91.3,"1,279",460,,,90.9,,56.0,52.0,66.4,,,,,5.78
1998-03,7558.5,,,,,,,90.4,91.1,,,,,,,,56,,"2,223","2,285","14,686",91.4,"1,222",458,,,91.1,,56.0,52.0,66.4,,,,,5.7
1998-04,7664.99,,,,,,,90.1,91,,,,,,,,56,,"2,882","1,911","15,611",91.5,"1,395",431,,,91.3,,56.0,52.0,66.4,,,,,5.76
1998-05,7589.78,,,,,,,90.4,91.3,,,,,,,,56.1,,"2,317","1,822","16,142",91.6,"1,088",428,,,91.3,,56.1,52.1,66.4,,,,,5.61
1998-06,7366.89,,,,,,,90.4,91.4,,,,,,,,56.2,,"1,619","2,169","15,592",91.7,"1,214",352,,,91.1,,56.2,52.2,66.5,,,,,5.52
1998-07,6931.43,,,,,,,90.4,91.4,,,,,,,,56.2,,"1,268","1,242","15,615",91.8,850,335,,,91.5,,56.2,52.3,66.5,,,,,5.61
1998-08,5530.71,,,,,,,90.4,91.4,,,,,,,,56.2,,"2,099","1,262","16,452",91.9,"1,004",338,,,91.4,,56.2,52.2,66.6,,,,,5.83
1998-09,5614.12,,,,,,,90.5,91.2,,,,,,,,56.2,,"2,666","1,623","17,494",92,"1,017",355,,,91.7,,56.2,52.2,66.6,,,,,5.32
1998-10,6208.28,,,,,,,90.9,91.6,,,,,,,,56.2,,"2,803","1,453","18,834",92.1,"1,193",355,,,92.2,,56.2,52.3,66.4,,,,,5.45
1998-11,6343.87,,,,,,,90.8,91.6,,,,,,,,56.2,,"2,325","1,518","19,638",92.3,"1,289",337,,,92.0,,56.2,52.3,66.4,,,,,5.47
1998-12,6485.94,,,,,,,90.5,91.3,,,,,,,,56.3,,"2,578","2,207","20,009",92.4,"1,368",349,,,92.0,,56.3,52.3,66.6,,,,,5.23
1999-01,6729.56,,,,,,,90.8,91.5,,,,,,,,56.3,,"1,579","1,440","20,144",92.6,"1,076",371,,,92.1,,56.3,52.3,66.6,,,,,5.23
1999-02,6312.69,,,,,,,90.9,91.6,,,,,,,,56.3,,"2,132","2,957","19,324",92.7,"1,636",436,,,91.9,,56.3,52.4,66.6,,,,,5.43
1999-03,6597.79,,,,,,,91.5,92,,,,,,,,56.4,,"2,321","3,279","18,347",92.8,"1,752",448,,,92.0,,56.4,52.5,66.6,,,,,5.36
1999-04,7014.7,,,,,,,91.8,92.5,,,,,,,,56.4,,"3,537","1,964","19,918",92.9,"1,498",478,,,92.6,,56.4,52.6,66.6,,,,,5.41
1999-05,6841.8,,,,,,,92.2,92.7,,,,,,,,56.4,,"4,018","1,879","22,052",93.1,"1,274",554,,,92.4,,56.4,52.6,66.5,,,,,5.58
1999-06,7010.07,,,,,,,92.1,92.9,,,,,,,,56.4,,"3,014","3,133","21,935",93.2,"1,700",665,,,92.4,,56.4,52.7,66.6,,,,,5.63
1999-07,7081.03,,,,,,,92.3,93.1,,,,,,,,56.5,,"2,516","2,144","22,306",93.3,"1,570",677,,,92.5,,56.5,52.8,66.6,,,,,5.74
1999-08,6970.81,,,,,,,92.7,93.3,,,,,,,,56.7,,"3,266","2,804","22,746",93.4,"2,320",562,,,92.4,,56.7,53.0,66.6,,,,,5.68
1999-09,6957.72,,,,,,,92.9,93.6,,,,,,,,56.8,,"2,605","2,091","23,256",93.7,"1,569",549,,,93.1,,56.8,53.2,66.7,,,,,5.91
1999-10,7256.22,,,,,,,93,93.7,,,,,,,,56.9,,"3,095","2,215","24,131",93.7,"1,682",565,,,92.2,,56.9,53.3,66.8,,,,,6.36
1999-11,7523.23,,,,,,,93,93.6,,,,,,,,57.1,,"3,833","3,828","24,132",93.8,"1,764",662,,,92.4,,57.1,53.6,66.8,,,,,6.1
1999-12,8413.75,,,,,,,93.3,93.7,,,,,,,,57.2,,"2,988","2,113","25,008",94,"1,330",645,,,92.6,,57.2,53.7,66.8,,,,,6.23
2000-01,8481.11,,,,,,44210,93.1,93.5,,,,,,,,57.2,,"1,816","2,001","24,825",94.1,"1,631",620,,,93.0,,57.2,53.7,66.8,,,,,6.27
2000-02,9128.99,,,,,,46000,93.9,94.1,,,,,,,,57.4,,"2,963","2,927","24,856",94.2,"1,726",585,,,93.3,,57.4,54.0,66.8,,,,,5.83
2000-03,9462.39,,,,,,47090,94.5,94.8,,,,,,,,57.5,,"2,425","2,783","24,501",94.3,"1,693",601,,,93.8,,57.5,54.1,66.9,,,,,5.84
2000-04,9347.61,,,,,,38420,94,94.5,,,,,,,,57.6,,"4,292","1,785","27,011",94.6,"1,398",548,,,94.3,,57.6,54.2,66.9,,,,,5.92
2000-05,9251.99,,,,,,33750,94.6,94.9,,,,,,,,57.8,,"2,601","2,793","26,826",94.7,"1,523",518,,,94.6,,57.8,54.4,67.0,,,,,5.63
2000-06,10195.45,,,,,,31480,95.3,95.5,,,,,,,,57.8,,"2,589","3,083","26,344",94.9,"1,743",459,,,94.8,,57.8,54.4,67.0,,,,,5.61
2000-07,10406.31,,,,,,31750,95.3,95.8,,,,,,,,57.9,,"4,445","4,376","26,404",95,"2,012",441,,,95.1,,57.9,54.5,67.1,,,,,5.55
2000-08,11247.91,,,,,,38630,95.2,95.7,,,,,,,,58.1,,"3,105","2,964","26,546",95.1,"1,946",474,,,95.3,,58.1,54.7,67.2,,,,,5.51
2000-09,10377.92,,,,,,28000,95.6,96.1,,,,,,,,58.2,,"3,733","3,572","26,702",95.1,"2,203",481,,,95.2,,58.2,54.9,67.3,,,,,5.67
2000-10,9639.57,,,,,,27020,95.8,96.3,,,,,,,,58.3,,"4,222","2,242","28,692",95.4,"1,775",456,,,95.7,,58.3,55.0,67.4,,,,,5.61
2000-11,8819.92,,,,,,27430,96.4,96.6,,,,,,,,58.5,,"3,727","2,652","29,771",95.6,"1,858",491,,,95.8,,58.5,55.3,67.4,,,,,5.51
2000-12,8933.68,,,,,,30820,96.4,96.7,,,,,,,,58.6,,"3,064","2,562","30,273",95.9,"1,258",498,,,96.3,,58.6,55.3,67.4,,,,,5.56
2001-01,9321.87,,,,,,42530,96.5,96.3,,,,,,,,58.7,,"3,145","3,664","29,780",96,"2,615",500,,,96.5,,58.7,55.5,67.4,,,,,5.72
2001-02,8078.72,,,,,,43840,97.1,96.8,,,,,,,,58.8,,"2,229","2,414","29,600",96.2,"1,635",696,,,96.7,,58.8,55.7,67.5,,,,,5.66
2001-03,7608,,,,,,49820,97.7,97.1,,,,,,,,59,,"2,827","2,329","30,135",96.4,"1,694",646,,,96.9,,59.0,55.9,67.5,,,,,5.79
2001-04,7946.63,,,,,,39910,98.2,97.8,,,,,,,,59.2,,"3,861","2,793","31,210",96.6,"1,575",618,,,97.3,,59.2,56.1,67.6,,,,,5.97
2001-05,8161.87,,,,,,37140,98.6,98.6,,,,,,,,59.3,,"3,906","2,131","32,947",96.9,"1,567",594,,,97.5,,59.3,56.2,67.7,,,,,6.03
2001-06,7736.35,,,,,,38540,98.4,98.7,,,,,,,,59.5,,"3,930","2,585","34,290",97,"1,683",717,,,97.5,,59.5,56.5,67.8,,,,,5.89
2001-07,7689.69,,,,,,45170,98.3,98.4,,,,,,,,59.6,,"2,310","2,782","33,819",97.3,"1,471",905,,,97.7,,59.6,56.7,67.8,,,,,5.94
2001-08,7399.22,,,,,,49470,98.2,98.4,,,,,,,,59.7,,"4,583","4,845","33,644",97.5,"3,357",939,,,97.7,,59.7,56.8,67.8,,,,,5.67
2001-09,6838.56,,,,,,40150,98.4,98.6,,,,,,,,59.9,,"3,122","3,954","32,813",97.6,"2,675",879,,,97.8,,59.9,56.9,67.8,,,,,5.86
2001-10,6885.7,,,,,,41560,98.3,98.1,,,,,,,,59.9,,"3,799","3,934","32,684",98,"3,544",639,,,99.5,,59.9,57.0,67.9,,,,,5.31
2001-11,7425.65,,,,,,45240,97.8,97.2,,,,,,,,60.1,,"3,989","3,640","33,075",98.2,"1,975",593,,,99.3,,60.1,57.2,68.0,,,,,5.59
2001-12,7688.41,,,,,,51470,98,97.4,,,,,,,,60.2,,"3,316","2,067","34,305",98.4,"1,727",576,,,99.3,,60.2,57.3,67.9,,,,,5.69
2002-01,7648.49,,,,,,65720,97.7,97.6,,,,,,,,60.4,,"4,097","3,203","35,197",98.6,"1,512",593,,,99.2,,60.4,57.6,68.0,,,,,5.68
2002-02,7637.5,,,,,,64370,98.5,98.2,,,,,,,,60.8,,"2,511","3,345","34,361",98.9,"1,747",593,,,99.2,,60.8,58.1,68.1,,,,,5.69
2002-03,7851.47,,,,,,65770,99.6,98.9,,,,,,,,61,,"3,064","3,585","33,840",99,"1,902",614,,,99.6,,61.0,58.3,68.2,,,,,5.98
2002-04,7663.39,,,,,,57540,99.5,99.5,,,,,,,,61.4,,"3,879","2,887","34,833",99.4,"1,743",666,,,99.7,,61.4,58.9,68.3,,,,,5.92
2002-05,7656.13,,,,,,52470,99.6,99.7,,,,,,,,61.8,,"3,555","3,340","35,113",99.7,"2,106",680,,,99.9,,61.8,59.3,68.5,,,,,5.78
2002-06,7145.61,,,,,,49140,100,99.9,,,,,,,,61.9,,"3,505","3,062","35,546",99.9,"1,883",678,,,100.0,,61.9,59.5,68.5,,,,,5.74
2002-07,6605.42,,,,,,54110,100.3,100.5,,,,,,,,62,,"4,715","4,282","35,982",100.2,"2,184",700,,,100.0,,62.0,59.6,68.5,,,,,5.73
2002-08,6611.95,,,,,,55620,100.8,100.9,,,,,,,,62.3,,"4,088","3,939","36,130",100.5,"2,802",691,,,100.1,,62.3,59.9,68.7,,,,,5.58
2002-09,6180.42,,,,,,44530,100.4,100.9,,,,,,,,62.4,,"3,179","3,945","35,380",100.6,"2,497",783,,,99.9,,62.4,60.1,68.7,,,,,5.43
2002-10,6248.79,,,,,,43160,101,101.2,,,,,,,,62.7,,"4,210","4,007","35,594",100.9,"2,522",824,,,100.5,,62.7,60.6,68.8,,,,,5.63
2002-11,6570.42,,,,,,44090,101.3,101.5,,,,,,,,63.1,,"4,226","4,361","35,523",101.1,"2,251",852,,,100.8,,63.1,61.1,68.9,,,,,5.58
2002-12,6614.54,,,,,,49970,101.3,101.1,,,,,,,,63.3,,"2,776","5,214","33,094",101.3,"2,401",792,,,101.2,,63.3,61.2,69.0,,,,,5.42
2003-01,6569.49,,,,,,62630,102.2,102,,,,,,,,63.4,,"1,927","3,069","32,024",101.3,"1,734",764,,,101.4,,63.4,61.5,69.1,,,,,5.49
2003-02,6555.12,,,,,,61690,103,102.8,,,,,,,,63.8,,"4,776","3,069","33,660",101.4,"1,855",685,,,101.6,,63.8,62.0,69.1,,,,,5.46
2003-03,6343.29,,,,,,64270,103.1,103.1,,,,,,,,63.9,,"3,040","2,492","34,198",101.4,"1,424",653,,,101.8,,63.9,62.0,69.1,,,,,5.58
2003-04,6586.07,,,,,,59810,102.5,102.4,,,,,,,,64.1,,"3,450","4,157","33,604",101.6,"1,868",652,,,102.3,,64.1,62.3,69.2,,,,,5.41
2003-05,6859.8,,,,,,55960,102.4,102.5,,,,,,,,64.5,,"3,899","3,036","34,328",101.7,"1,493",606,,,102.5,,64.5,62.7,69.4,,,,,5.12
2003-06,6983.14,,,,,,54780,102.6,102.5,,,,,,,,64.7,,"3,951","2,985","35,292",101.8,"1,796",621,,,103.0,,64.7,62.9,69.5,,,,,5.03
2003-07,7257.92,,,,,,60980,102.8,102.6,,,,,,,,64.9,,"3,989","2,802","36,478",101.9,"1,920",576,,,103.0,,64.9,63.2,69.5,,,,,5.4
2003-08,7510.32,,,,,,63880,103.4,102.9,,,,,,,,65.2,,"4,204","3,176","37,495",102.1,"1,958",568,,,103.2,,65.2,63.6,69.7,,,,,5.44
2003-09,7421.13,,,,,,50910,103.5,103.1,,,,,,,,65.5,,"4,130","3,405","38,220",102.1,"1,935",541,,,103.5,,65.5,63.9,69.9,,,,,5.23
2003-10,7772.7,,,,,,50860,103.3,102.8,,,,,,,,65.8,,"6,070","4,428","39,858",102.3,"2,239",586,,,104.3,,65.8,64.3,70.0,,,,,5.38
2003-11,7859.39,,,,,,51400,103.7,103.1,,,,,,,,66.3,,"3,158","2,846","40,203",102.4,"2,096",614,,,104.3,,66.3,64.9,70.0,,,,,5.29
2003-12,8220.89,,,,,,54490,104,103.2,,,,,,,,66.5,,"2,881","3,179","39,907",102.5,"2,113",674,,,104.6,,66.5,65.1,70.1,,,,,5.2
2004-01,8521.39,"4,175,373",,,,,64520,103.9,103.3,,,,,,,,66.7,,"1,536","3,654","37,786",102.6,"2,281",597,,,104.6,27935993,66.7,65.3,70.2,,,,,5.23
2004-02,8788.49,"4,288,320",,,,,67140,104.1,103.5,,,,,,,,66.9,,"1,796","2,397","37,192",102.7,"1,720",537,,,104.8,28719948,66.9,65.7,70.3,,,,,5.09
2004-03,8585.93,"4,280,663",,,,,68350,104.3,103.9,,,,,,,,67.2,,"3,499","2,706","37,983",102.8,"1,778",563,,,105.0,28689514,67.2,65.9,70.5,,,,,5.04
2004-04,8243.97,"4,204,141",,,,,59120,104.3,104.1,,,,,,,,67.7,,"4,186","3,377","38,790",102.9,"1,749",550,,,105.2,28254086,67.7,66.5,70.9,,,,,5.31
2004-05,8417.32,"4,304,142",,,,,51680,105.1,105,,,,,,,,68.2,,"4,191","3,342","39,632",103,"1,773",571,,,105.6,28554094,68.2,67.1,71.2,,,,,5.32
2004-06,8545.58,"4,212,152",,,,,50120,104.9,105.1,,,,,,,,68.7,,"4,274","3,626","39,989",103.1,"1,644",549,,,105.9,28550528,68.7,67.6,71.7,,,,,5.33
2004-07,8458.07,"4,240,099",,,,,56400,104.9,105,,,,,,,,68.8,,"3,259","3,059","40,185",103.2,"2,412",524,,,106.3,28616168,68.8,67.7,71.8,,,,,5.29
2004-08,8377.03,"4,273,779",,,,,59960,104.7,104.8,,,,,,,,69.1,,"5,558","2,878","42,865",103.3,"1,897",573,,,106.4,28836665,69.1,68.0,72.1,,,,,5.15
2004-09,8668.29,"4,312,065",,,,,45450,104.9,105,,,,,,,,69.3,,"3,563","3,702","42,718",103.4,"2,012",612,,,106.7,29243662,69.3,68.2,72.3,,,,,5.04
2004-10,8870.97,"4,343,358",,,,,44260,104.9,105.2,,,,,,,,69.5,,"4,524","4,411","42,895",103.4,"1,957",615,,,107.3,29561177,69.5,68.5,72.4,,,,,5
2004-11,9030.05,"4,405,079",,,,,44930,105.2,105.6,,,,,,,,69.8,,"3,175","3,488","42,575",103.5,"2,221",722,,,107.5,29901036,69.8,68.8,72.6,,,,,4.9
2004-12,9246.65,"4,345,126",,,,,49000,105.1,105.4,,,,,,,,69.9,,"2,554","2,980","42,148",103.8,"2,055",721,,,107.7,29593609,69.9,68.9,72.9,,,,,4.92
2005-01,9204.05,"4,437,136",,,,,59840,105,105.3,100,100,100,100,100,100,100,70.1,,"1,681","3,173","40,622",103.8,"1,748",756,,,107.5,29888781,70.1,69.1,73.0,,,,,4.74
2005-02,9668.32,"4,479,503",,,,,62270,105.6,105.7,100.3,102.2,99.8,100.4,100.3,100.3,100.3,70.3,,"2,296","2,761","40,018",104,"1,744",753,,,107.4,30460620,70.3,69.3,73.1,,,,,4.76
2005-03,9612.38,"4,376,561",,,,,63220,106.4,106.3,100.7,104.3,99.8,100.7,100.8,100.9,100.9,70.6,,"2,941","5,443","37,525",104,"1,949",695,,,107.9,30006264,70.6,69.6,73.5,,,,,4.77
2005-04,9369.3,"4,355,371",,,,,54800,106.3,106.6,101,105.9,99.5,101.6,101.2,101.1,101.2,71,,"4,448","2,026","39,950",104,"1,715",629,,,108.0,29940271,71.0,69.9,73.8,,,,,4.59
2005-05,9607.3,"4,371,228",,,,,49290,106.5,106.7,101.2,107.3,99.1,100.7,101.8,101.8,102.1,71.3,,"3,313","3,097","40,162",104.1,"1,703",615,,,108.7,29935878,71.3,70.3,74.2,,,,,4.46
2005-06,9902.77,"4,457,596",,,,,48010,106.5,106.9,101.8,108.8,99.5,101.2,102.4,102.4,102.9,71.9,,"5,289","2,921","42,527",104.1,"1,363",641,,,109.0,30590992,71.9,70.4,75.5,,,,,4.29
2005-07,10422.93,"4,525,597",,,,,49980,106.6,107.1,102.7,110.9,100.4,101.7,102.9,103.1,102.8,72,,"5,947","3,344","45,191",104.1,"1,637",565,,,108.9,30800241,72.0,70.6,75.6,,,,,4.31
2005-08,10668.94,"4,463,411",,,,,60450,107.2,107.5,103.6,113,102,101.6,103.5,103.5,103.3,72.3,,"2,913","4,130","44,110",104.2,"1,765",511,,,109.0,30647393,72.3,70.9,75.9,,,,,4.12
2005-09,11011.83,"4,477,412",,,,,45530,107.7,108.4,104.6,115.2,104.4,102,103.6,103.6,103.9,72.7,,"2,914","2,459","44,563",104.3,"1,916",520,,,109.1,30600008,72.7,71.3,76.2,,,,,4.21
2005-10,10383.32,"4,487,961",,,,,44070,107.4,107.9,105.9,117.1,107.6,102.7,104.5,104.5,104,73.2,,"2,350","3,121","43,594",104.4,"1,687",541,,,109.5,30887481,73.2,71.9,76.4,,,,,4.37
2005-11,10824.14,"4,484,189",,,,,45510,107.2,107.7,107,119.1,111.3,102.8,105,104.9,104.8,73.6,,"4,103","3,525","44,166",104.4,"1,800",517,,,109.7,31012789,73.6,72.3,76.8,,,,,4.18
2005-12,11272.26,"4,486,253",,,,,48910,107.4,107.6,108.1,121.1,114.6,102.6,105.4,105.2,105.7,74.1,,"3,401","3,296","44,305",104.5,"1,788",462,,,110.0,31230056,74.1,72.8,77.1,,,,,4.02
2006-01,11945.64,"4,528,948",4277.1,2909.1,450.2,173.7,60020,107.9,108.2,109.4,122.8,119.6,103.2,106.1,106,105.9,74.7,,"2,660","4,427","42,550",104.5,"1,427",417,,,110.2,31747679,74.7,73.6,77.4,354,339,37,3.34,4.2
2006-02,11688.34,"4,556,689",4283.6,2895.6,443.2,187.4,60970,107.6,108,110.5,124.4,124.7,103.9,106.6,106.4,107,75.2,,"1,539","2,882","41,234",104.6,"1,410",364,,,110.2,31744450,75.2,74.2,77.7,393,358,27,2.41,4.15
2006-03,12110.61,"4,568,608","4,290.30",2902.8,450.8,196.2,64060,108.5,108.6,111.7,125.7,129.9,103.9,107.2,107,106.8,76,,"3,091","3,179","40,582",104.7,"1,439",320,,,110.6,31871717,76.0,75.0,78.3,386,359,23,2.12,4.23
2006-04,12204.17,"4,563,003","4,296.70",2914.6,453.2,192.5,53940,108.7,109.2,113.1,127.2,136,104.6,107.7,107.5,107.4,76.9,,"3,247","2,735","41,100",104.8,"1,330",362,,,110.7,32354405,76.9,76.1,78.8,408,373,21,2.42,4.57
2006-05,11744.52,"4,554,796","4,304.20",2952.4,443.9,194.0,47220,109,109.7,114.5,128.5,142.8,104.8,108.1,107.8,107.7,77.8,,"3,657","3,162","41,525",104.8,"1,510",338,,,111.3,32048264,77.8,76.9,80.0,401,373,22,2.26,4.5
2006-06,11612.87,"4,561,487","4,311.80",2985.0,432.0,194.1,44950,108.9,109.5,115.7,130,149.7,105.2,108.1,108,107.7,79,,"4,558","2,827","43,301",104.9,"1,767",351,,,111.2,32242363,79.0,78.0,81.1,384,362,25,2.49,4.67
2006-07,11830.96,"4,626,326","4,319.60",3024.4,410.8,211.1,47280,108.5,109.6,116.8,130.5,154.8,105,108.2,107.9,108.5,79.8,,"3,626","4,209","42,725",105,"1,680",334,,,111.6,33040218,79.8,78.7,82.3,359,348,31,3.28,4.45
2006-08,12073.75,"4,660,043","4,326.90",3026.7,397.9,222.3,57600,108.5,109.8,118,131.1,159.3,105.9,108.3,108.1,108.8,81,,"3,006","4,280","41,449",105.2,"2,015",328,,,111.9,33007575,81.0,80.0,83.3,347,344,32,3.31,4.2
2006-09,11761.27,"4,573,863","4,333.90",3002.3,396.4,225.8,42260,108.1,109.2,119.3,131.8,161.8,106.3,108.8,108.5,109.5,81.4,,"2,118","2,803","40,763",105.1,"1,409",305,,,112.0,32492838,81.4,80.4,83.9,370,353,28,3.59,4.07
2006-10,12344.59,"4,611,439","4,340.40",2968.9,417.0,207.0,41290,108,109,119.8,132.3,163.6,106.5,108.6,108.3,109.6,81.6,,"3,715","2,619","41,859",105.3,"1,075",302,,,112.8,32595465,81.6,80.5,84.1,389,362,29,3.05,4.24
2006-11,12752.38,"4,659,464","4,346.30",2954.2,449.5,194.0,42190,108.3,109.2,120.7,133.1,165,107.3,109.1,108.8,109.8,82,,"3,381","2,429","42,813",105.4,"1,744",329,,,112.6,32814138,82.0,80.8,84.9,383,359,30,2.84,4.02
2006-12,12908.39,"4,727,676","4,352.20",2964.8,473.4,181.8,45430,108.5,109.4,121.7,133.9,167.3,108,109.6,109.1,110.3,82,,"2,482","2,569","42,654",105.4,"1,159",407,,,113.3,33515367,82.0,80.7,85.3,350,345,39,3.39,4.1
2007-01,13034.12,"4,596,097","4,358.40",2973.4,485.1,183.1,58860,108.2,109.4,122.7,134.9,169.4,109,109.7,109.1,111.2,82.3,,"2,474","4,679","40,456",105.5,"1,514",624,,,113.4,33221023,82.3,81.0,85.5,377,353,36,2.89,4.22
2007-02,13045.02,"4,697,788","4,364.30",2981.0,487.9,183.3,58410,109.3,110.2,124.1,136.2,171.6,109.3,111.1,110.9,111.7,82.7,,"1,206","1,901","39,808",105.6,"1,085",617,,,113.4,33466188,82.7,81.4,85.8,413,374,27,2.36,4.09
2007-03,13165.5,"4,797,758","4,370.10",2984.1,477.5,200.5,63510,110.3,111.1,125.2,136.9,174.1,110.3,111.8,111.5,112.9,83,,"1,905","1,784","39,920",105.6,"1,064",719,,,113.8,33910296,83.0,81.7,86.2,396,371,25,1.94,4.21
2007-04,13416.68,"4,841,140","4,376.00",2987.4,468.4,203.4,53200,110.8,111.6,126.3,138.1,175.8,110.5,112.6,112.4,113.8,83.7,,"2,894","2,037","40,780",105.8,"1,284",671,,,114.0,34385868,83.7,82.3,87.1,423,385,23,1.86,4.2
2007-05,14056.78,"4,922,728","4,382.30",3008.9,453.8,211.9,44670,111.2,112.1,127.7,139.4,177.6,111.6,113.2,113,114.9,84.6,,"3,525","1,778","42,529",105.9,"1,320",688,,,113.8,34789277,84.6,83.3,87.7,423,389,21,1.61,4.39
2007-06,13906.57,"4,865,061","4,388.90",3037.1,434.7,210.8,42990,110.7,111.9,128.9,140.6,178.6,111.9,114.1,113.8,116.3,85.1,,"2,967","2,099","43,403",106.1,"1,505",542,,,114.2,34436278,85.1,83.7,88.5,420,385,22,1.7,4.56
2007-07,13868.63,"4,804,840","4,396.00",3077.5,415.3,230.8,54980,110.7,112,130,142,179.7,112.9,115,114.5,116.9,85.9,,"3,251","2,952","43,706",106.2,"1,681",357,,,114.6,34430726,85.9,84.3,89.7,397,374,25,1.84,4.49
2007-08,13660.48,"4,865,158","4,403.30",3094.7,403.8,234.2,57730,110.6,111.7,130.8,143.5,180.2,113.4,115.6,115.3,117.3,86.3,,"2,863","2,304","44,263",106.3,"1,337",354,,,114.9,34725483,86.3,84.8,89.9,383,368,29,2.16,4.44
2007-09,14098.89,"4,852,545","4,410.40",3068.1,410.3,228.1,40740,110.8,111.9,131.7,145.2,180.9,114.2,116.2,116,118,86.5,,"3,609","2,562","45,304",106.3,"1,489",369,,,115.4,34341226,86.5,85.1,90.0,418,386,23,2.63,4.5
2007-10,14625,"4,907,566","4,416.70",3041.4,441.1,202.7,39810,110.7,111.6,132.5,146.7,180.6,115,117.1,116.9,119.1,86.6,,"3,330","2,472","46,147",106.4,"1,487",418,,,116.5,34305870,86.6,85.1,90.3,433,399,23,2.11,4.38
2007-11,13689.12,"4,997,009","4,423.00",3017.5,469.8,192.0,40140,111,111.9,133.2,148.7,180.1,115.8,117.6,117.4,120.3,87,,"3,851","3,017","47,075",106.5,"1,616",448,,,116.8,34958995,87.0,85.5,90.7,436,400,24,2.09,4.23
2007-12,13833.06,"5,097,655","4,429.10",3030.9,487.9,187.6,44310,111.1,112,134.1,151,179,116.8,118.5,118.4,121.5,87.1,,"1,418","2,772","45,470",106.5,"1,377",477,,,117.3,35625285,87.1,85.6,90.9,429,395,28,2.48,4.18
2008-01,13155.1,"5,154,395","4,435.60",3024.8,485.2,194.1,55700,110.7,111.8,134.8,152.3,179,116.7,119.2,118.8,122.6,87.6,,"2,605","1,797","46,250",106.5,"1,034",516,,,117.3,35933156,87.6,86.1,91.4,405,382,31,2.8,4.19
2008-02,13582.69,"5,084,312","4,441.80",3026.8,487.8,191.3,56530,111.3,112.2,134.9,152.9,177.7,117.4,119.2,118.9,123.6,87.9,,"2,904","3,841","45,315",106.7,"1,105",546,,,117.9,35526909,87.9,86.3,91.8,425,390,24,2.59,4.18
2008-03,13350.13,"5,054,058","4,448.00",3039.3,493.4,203.4,60120,111.5,112.6,135,154.1,175.9,118.1,119,118.5,124.2,88.1,,"3,436","2,587","46,189",106.7,"1,030",551,,,118.2,35530142,88.1,86.4,92.2,407,385,25,2.92,3.96
2008-04,13937.04,"5,142,321","4,454.30",3051.3,495.8,198.5,52700,112.2,113.5,134.5,154.4,173.9,118.6,118.7,118.2,124.2,88.1,,"3,584","3,014","46,655",106.7,"1,195",508,,,118.6,35914167,88.1,86.3,92.4,448,405,20,2.47,4.08
2008-05,14714.73,"5,117,480","4,461.00",3086.2,492.5,209.1,47640,113.3,114.6,133.7,155.6,171.2,118.9,118.3,117.6,124.3,88.1,,"3,477","3,380","46,756",106.8,"1,333",613,,,118.6,36006888,88.1,86.2,92.5,435,403,21,2.61,4.12
2008-06,14467.03,"5,152,631","4,468.80",3105.7,490.4,209.6,46300,113.8,115.4,133,155.6,169,119.7,117.7,117,123.9,88.2,,"4,623","3,461","47,380",106.8,"1,464",563,,,118.8,36400129,88.2,86.3,92.7,433,399,24,2.86,4.05
2008-07,13592.91,"5,199,837","4,476.50",3131.9,479.1,234.3,60880,114.9,115.8,132.1,156,166.8,119.7,117.1,116.3,124.2,88.2,,"2,163","2,461","47,080",106.9,"1,457",521,,,119.2,36403867,88.2,86.3,92.8,396,377,29,3.33,4.16
2008-08,13771.25,"5,178,196","4,484.20",3124.4,466.0,239.5,64550,114.7,115.6,131.2,155.6,166.2,120.4,116.5,115.4,124.4,88.2,,"4,965","2,430","49,620",107.1,"1,652",515,,,119.3,36137537,88.2,86.3,92.9,378,369,30,4.1,4.01
2008-09,11752.9,"5,198,304","4,491.70",3102.7,467.9,234.6,48590,114.9,115.7,130.5,154.1,165.7,120.5,115.9,114.7,123.8,88.3,,"4,608","3,621","50,675",107.1,"1,477",586,,,119.5,36390521,88.3,86.3,93.1,396,373,30,4.24,4.13
2008-10,9762.76,"5,074,586","4,498.70",3086.6,479.1,213.1,48810,113.7,114.5,128.8,152.7,164.6,120.2,114.9,113.6,123.7,87.9,,"4,420","2,800","52,263",107.2,"1,534",618,,,120.5,35747571,87.9,85.6,93.4,379,361,29,5.56,4.27
2008-11,9270.62,"4,875,404","4,505.60",3071.1,494.5,203.8,51810,113.5,114.1,127.4,150.5,163.4,120.1,113.8,112.6,122.8,87.7,,"2,862","3,923","51,196",107.3,"1,204",660,,,121.1,34661690,87.7,85.2,93.5,389,373,33,6.73,3.94
2008-12,8987.7,"4,682,689","4,511.70",3082.7,497.5,208.3,61250,113,113.3,125.9,148,161.3,120.2,112.3,111.2,122.1,87.5,,"2,565","2,943","50,823",107.3,"1,416",667,,,121.4,33303365,87.5,85.0,93.4,388,363,42,7.49,3.45
2009-01,8694.9,"4,756,477","4,517.80",3077.0,498.5,231.0,85680,112.5,113,124.5,146.5,157.7,120.2,110.8,109.9,118.1,87,,"1,556","2,296","50,399",107.4,"1,086",650,,,121.6,33790507,87.0,84.5,92.9,367,352,46,6.51,3.72
2009-02,8123.02,"4,822,933","4,524.20",3081.4,500.0,252.7,93990,113.2,113.8,123.4,144,155.5,120.2,109.6,108.6,118.6,86.4,,"1,427","2,954","48,683",107.6,827,693,,,121.5,33861903,86.4,83.8,92.3,392,364,41,4.31,3.69
2009-03,8720.39,"4,841,711","4,530.60",3091.2,510.7,280.1,115980,113.8,114,122.5,141.1,153.3,120.1,110,108.9,118.8,86,,"2,921","1,970","49,508",107.6,956,716,,,121.4,33838239,86.0,83.3,91.9,387,365,35,3.12,3.74
2009-04,9324.83,"4,868,968","4,537.00",3102.6,517.9,281.1,101500,113.1,113.9,123.2,141.7,152,120.9,110.8,109.7,120.1,85.5,,"1,307","3,939","46,793",107.8,"1,103",728,,,121.1,33932693,85.5,82.7,91.8,423,393,29,2.32,3.82
2009-05,10370.07,"4,854,845","4,543.60",3127.7,524.2,297.9,101440,113.9,114.7,124.1,140.2,152.1,121.4,112.4,111.5,121.2,85.4,,"1,931","2,971","45,737",107.9,944,724,,,120.6,34366762,85.4,82.6,91.5,433,403,26,1.78,4.19
2009-06,10374.91,"4,922,713","4,551.10",3138.5,518.4,307.7,101450,114,115.1,125.7,141.3,153.6,121.9,114.4,113.4,123.1,85.2,,"2,401","2,183","45,933",108,"1,100",616,,,120.5,34752611,85.2,82.5,91.3,445,413,26,1.44,3.91
2009-07,10787.15,"5,009,883","4,559.00",3169.4,498.0,337.7,113920,113.6,114.7,127.5,141.6,155.4,123,116.5,115.5,125.4,85.4,,"1,729","1,500","46,169",108,"1,006",626,,,120.4,34734947,85.4,82.8,91.3,421,401,24,1.5,4.05
2009-08,10868.21,"5,016,763","4,567.20",3177.4,480.4,345.3,116220,113.6,114.7,129.3,143,157.6,123.5,118.4,117.4,127.9,85.5,,"2,130","1,592","46,711",108.2,924,574,,,120.2,34958551,85.5,82.9,91.3,406,396,23,1.81,3.9
2009-09,11394.96,"5,050,661","4,575.30",3151.5,469.9,328.6,93310,113.7,114.7,131.3,144.5,159.4,124.4,120.2,119.4,130.1,85.9,,"2,853","1,845","47,732",108.5,922,544,,,120.0,35271163,85.9,83.5,91.3,436,414,21,1.78,3.84
2009-10,10910.75,"5,099,351","4,583.10",3124.2,484.6,299.7,88570,114,114.6,133.2,145.9,162.1,125.8,122.2,121.3,132.3,86.1,,"3,608","1,610","49,727",108.8,909,484,,,121.9,35442041,86.1,83.8,91.2,465,432,19,1.42,3.96
2009-11,11447.2,"4,972,763","4,590.60",3106.4,497.9,279.0,90510,114.4,115.2,135,147.1,163.9,127,124,123.1,134.7,86.4,,"2,367","2,843","49,281",109,876,495,,,121.5,35094920,86.4,84.2,91.4,452,427,21,1.6,3.85
2009-12,11746.11,"5,122,978","4,597.20",3113.6,495.2,274.0,92860,113.9,114.8,136.4,146.5,166.4,126.1,125.6,124.6,136.7,86.7,,"1,719","2,653","48,361",109.2,877,458,,,121.7,35671435,86.7,84.7,91.3,443,423,23,1.58,4.07
2010-01,11094.31,"5,114,704","4,603.70",3109.3,491.2,275.6,104840,114.5,115.1,137.5,147.1,167.2,128,126.9,125.8,138.9,87.1,,"1,455","2,105","47,905",109.4,807,445,,,121.9,36091102,87.1,85.2,91.4,429,414,26,2.11,3.96
2010-02,11629.63,"5,090,587","4,610.50",3095.2,483.7,278.5,104260,115.1,115.6,138.4,148.1,167.8,128.9,128,127.5,139.4,87.1,,"2,442","1,505","48,865",109.6,837,455,,,122.0,36048207,87.1,85.3,91.2,480,440,18,1.66,4.05
2010-03,12037.73,"5,275,419","4,617.40",3099.2,493.8,288.8,107630,115.3,115.6,139,148.4,168.4,129.9,128.5,127.8,139.9,87.4,,"1,772","1,620","49,023",109.6,790,450,,,122.1,36872345,87.4,85.8,90.9,478,440,16,1.57,4.07
2010-04,12210.7,"5,232,303","4,624.50",3108.3,507.3,296.4,94040,115.8,116,139.3,149.2,168.4,130.1,128.3,127.5,139.9,87.6,,"2,663","2,457","49,246",109.7,864,462,,,122.4,36394220,87.6,86.0,91.0,481,445,15,1.9,4.04
2010-05,11762.99,"5,195,285","4,631.80",3142.6,516.9,304.5,87310,116.3,116.3,139.1,148.6,167.8,131.7,127.8,127,139.7,87.9,,"2,927","1,827","50,356",109.7,"1,171",456,,,122.6,36050622,87.9,86.4,91.2,494,454,16,2.33,3.68
2010-06,11294.42,"5,290,933","4,640.20",3177.8,507.5,304.7,83550,116.1,116.2,138.6,147.9,166.6,132.1,127.3,126.6,139.1,88,,"2,372","4,074","48,610",109.8,"1,268",434,,,123.0,36308653,88.0,86.6,91.2,468,439,21,2.57,3.65
2010-07,11713.43,"5,270,937","4,649.00",3230.9,497.9,316.3,90980,117.1,116.8,138.3,147,165.6,132.8,126.8,126,138.4,87.9,,"2,278","4,335","46,555",109.9,"1,301",364,,,124.4,36357428,87.9,86.5,91.0,444,422,28,2.89,3.77
2010-08,11913.86,"5,293,712","4,658.60",3276.2,497.4,327.4,96170,117.1,116.7,138.1,146,164.4,132.4,127,126.7,137.1,88,,"2,907","3,890","45,652",110.1,"1,036",348,,,124.0,36453361,88.0,86.6,91.0,421,413,31,3.2,3.47
2010-09,12368.65,"5,291,065","4,667.20",3268.2,509.9,327.7,75450,117.3,116.9,138.2,144.9,163.6,132.9,127.3,126.8,137.8,88.1,,"2,660","2,287","46,104",110.2,937,321,,,124.0,36569715,88.1,86.6,91.5,463,433,25,2.92,3.33
2010-10,12676.24,"5,328,239","4,675.10",3238.4,517.6,301.4,72290,117.7,117.4,138.7,145,162.4,134.1,127.8,127.6,137.8,88.2,,"1,782","3,082","44,806",110.5,989,264,,,125.1,36837126,88.2,86.6,91.5,490,446,25,2.24,3.5
2010-11,12952.88,"5,502,346","4,682.10",3187.4,523.5,264.6,72780,117.8,117.5,139.4,145.1,162.7,135.3,128.7,128.4,138.5,88.4,,"4,364","2,466","46,705",110.5,"1,093",214,,,124.9,37538580,88.4,86.8,91.8,479,444,27,1.91,3.65
2010-12,13443.22,"5,450,330","4,688.50",3190.2,529.5,246.3,76150,117.6,117.5,140.1,146.5,162.4,135.9,129.5,129.2,139.6,88.4,,"1,573","1,745","46,552",110.7,742,202,,,125.0,37436674,88.4,86.7,92.0,462,442,33,2.02,3.54
2011-01,13551.99,"5,471,331","4,694.90",3195.0,544.4,251.0,85930,117.5,117.8,141.1,146,162.9,136.4,130.8,130.5,140.8,88.6,,"2,027","2,732","45,792",110.7,772,187,,,124.9,37311614,88.6,87.0,92.1,450,433,31,2.1,3.75
2011-02,14136.5,"5,568,388","4,701.20",3185.3,552.9,252.8,86710,117.9,118.1,142.3,148.1,163.1,137.2,131.8,131.4,142.1,89,,"2,909","2,937","45,765",110.7,685,174,,,124.9,37417919,89.0,87.3,92.4,500,461,21,1.68,3.75
2011-03,14116.1,"5,509,105","4,707.70",3175.5,552.7,269.5,89450,119.4,119.4,143.3,147.9,164,137.7,132.8,132.6,143.3,89,,"3,441","1,777","47,432",110.8,833,132,,,125.1,37624315,89.0,87.4,92.3,497,460,16,1.35,3.72
2011-04,13944.79,"5,554,773","4,714.20",3176.7,541.6,273.0,77000,119.8,119.8,144.3,147.1,164.4,137.7,133.8,133.7,144.2,89.2,,"4,222","2,089","49,543",110.8,669,125,,,125.0,37883034,89.2,87.8,92.4,527,482,16,1.41,3.74
2011-05,13802.88,"5,576,503","4,721.30",3209.4,535.0,291.9,69540,120.8,120.6,145.4,147.6,164.6,138.1,134.9,135.1,144.6,89.6,,"3,170","2,659","50,098",110.9,"1,068",103,,,125.6,37736236,89.6,88.2,92.7,538,494,16,1.34,3.5
2011-06,13300.87,"5,586,414","4,728.70",3238.4,537.3,290.9,65060,120.2,119.8,146.5,146.9,165.3,138.3,136.1,136.4,145.8,89.8,,"3,850","5,563","48,478",110.9,922,100,,,126.0,38120856,89.8,88.5,92.8,512,481,17,1.28,3.53
2011-07,12945.63,"5,560,418","4,735.70",3254.8,519.1,298.3,68610,120.4,120,147.6,146.8,165.8,138.8,137.2,137.3,147,89.9,,"4,237","2,391","50,323",111,"1,014",124,,,126.5,37897036,89.9,88.5,92.9,479,466,20,1.72,3.35
2011-08,12768.7,"5,570,659","4,742.70",3266.2,498.9,297.6,79430,120.5,120.3,148.5,146.5,166,139.9,138.3,138.3,148.1,90,,"3,167","3,150","50,408",111.1,855,156,,,126.7,38004303,90.0,88.6,93.0,467,459,21,1.81,3.1
2011-09,11623.84,"5,607,908","4,749.40",3238.3,487.4,287.3,57330,121.2,120.6,149.3,146.8,165.8,140.5,139.2,139.4,148.6,90.1,,"2,743","3,469","49,765",111.2,824,167,,,126.8,38283380,90.1,88.8,93.0,498,469,20,1.83,2.83
2011-10,12252.06,"5,633,360","4,756.50",3210.0,504.4,277.4,53610,121.1,120.8,150,146.2,166,140.9,140,140.3,149,90.3,,"4,047","2,136","51,640",111.3,953,84,,,127.1,38583801,90.3,89.0,93.2,521,485,18,1.73,3.02
2011-11,12204.11,"5,585,230","4,762.80",3174.0,523.9,260.1,53930,120.9,120.9,150.7,146.4,165.3,141,141.4,141.8,149.5,90.6,,"2,567","3,139","51,058",111.4,"1,168",109,,,127.3,38694229,90.6,89.3,93.4,526,484,22,1.53,2.69
2011-12,11955.09,"5,700,208","4,769.10",3162.0,528.9,252.2,58550,120.2,120.2,151.5,145.7,166.4,141.8,142.8,143.3,150.1,90.7,,"3,365","1,789","52,589",111.5,933,112,,,127.7,39173620,90.7,89.3,93.6,469,454,25,1.54,2.5
2012-01,12452.15,"5,782,159","4,775.30",3154.9,528.0,257.2,70440,120.7,120.7,152.2,145.3,166.7,142.8,143.6,144.3,150.2,90.8,0.985,"3,811","3,637","52,780",111.6,"1,290",110,,,127.9,38958802,90.8,89.4,93.8,509,474,23,2.18,2.64
2012-02,12644.01,"5,674,446","4,781.60",3137.3,533.1,259.5,72020,121.5,121.2,152.7,144.3,167.1,143.1,144.6,145.4,151.1,91,0.994,"2,299","1,871","53,299",111.9,947,100,,,127.8,38861395,91.0,89.6,93.9,554,508,16,1.52,2.6
2012-03,12392.18,"5,719,279","4,787.90",3145.2,537.3,272.0,76230,122,121.7,153.4,144.4,167.2,143.3,145.6,146.4,150.5,91.3,0.996,"4,572","3,166","54,687",112.1,940,99,,,128.0,39198162,91.3,89.9,94.1,551,508,15,1.26,2.67
2012-04,12292.69,"5,619,023","4,794.60",3159.5,534.7,272.5,61860,122.4,122.2,153.9,144.4,168.3,144.1,146.6,147.6,150.5,91.5,0.998,"5,679","2,077","58,281",112.2,999,105,,,128.9,38843751,91.5,90.2,94.2,568,521,15,1.2,2.65
2012-05,11513.21,"5,588,440","4,801.40",3207.0,522.0,293.8,57510,122.4,122.1,153.9,143.9,169.4,144.1,147.3,148.2,150.7,91.7,0.994,"3,481","3,361","58,374",112.4,"1,200",122,,,129.2,38791914,91.7,90.4,94.4,568,523,14,1.36,2.33
2012-06,11596.56,"5,585,637","4,808.50",3242.6,503.5,302.1,55310,121.7,121.6,153.8,143.7,170.6,144.2,147.5,148.7,150.7,91.9,0.99,"3,576","2,338","59,821",112.6,"1,205",144,,,129.5,38764063,91.9,90.7,94.6,553,514,16,1.56,2.32
2012-07,11664.71,"5,517,740","4,815.70",3283.0,498.4,313.5,71440,121.6,121.5,153.7,143.4,170.6,144.7,147.9,149.2,150.5,92,0.983,"4,404","2,415","61,596",112.7,"1,236",129,"305,776",0.24,129.5,38857340,92.0,90.7,94.6,499,483,20,2.16,2.22
2012-08,11949.26,"5,510,256","4,822.70",3316.0,480.7,318.1,73590,121.8,121.8,153.4,142.7,171.5,145.1,147.7,148.9,150.2,92.1,0.98,"5,448","2,273","64,767",112.9,987,129,"302,495",0.24,129.3,38946468,92.1,90.9,94.6,496,485,23,2.37,2.37
2012-09,12317.46,"5,549,387","4,829.40",3319.9,492.2,311.0,53140,122.1,122,153.4,142.9,172.4,145.3,148.2,149.7,150.1,92.3,0.981,"3,347","2,317","65,940",113,889,140,"299,215",0.23,129.2,39061424,92.3,91.1,94.8,545,507,20,2.69,2.33
2012-10,12422.91,"5,595,559","4,835.40",3316.3,494.6,296.2,51760,122.3,122.2,153.3,142.4,173.7,144.3,148.4,149.9,149.8,92.5,0.98,"3,923","3,404","66,296",113.1,"1,128",175,"295,934",0.23,129.5,39237267,92.5,91.4,94.8,540,507,19,2.25,2.38
2012-11,12239.36,"5,636,726","4,841.30",3296.5,535.9,270.0,52550,122,121.9,153.1,142.3,174.5,144.3,148.2,149.7,149,92.6,0.976,"3,298","2,656","66,926",113.4,"1,075",148,"293,684",0.23,129.4,39203945,92.6,91.5,94.8,517,492,24,2.33,2.3
2012-12,12433.53,"5,589,747","4,847.20",3303.2,559.0,258.4,56890,121.4,121.2,153.7,143.4,175.4,144.9,149.8,151.6,149,92.7,0.973,"4,267","2,392","68,812",113.6,"1,008",152,"291,433",0.23,129.2,39075859,92.7,91.7,94.9,496,483,29,2.45,2.37
2013-01,12685.24,"5,550,259","4,853.20",3292.9,587.1,258.2,68910,121.5,121.3,153.6,142.2,176.3,145.1,149.1,150.7,148.8,92.8,0.977,"1,312","2,581","67,587",113.8,942,153,"289,183",0.23,129.1,39520274,92.8,91.8,95.0,507,487,29,2.64,2.57
2013-02,12821.83,"5,642,435","4,858.70",3279.7,594.7,257.1,70000,122.9,122.7,153.9,141.5,177.8,145,149.9,151.4,149.1,93,0.984,"3,279","2,575","68,284",114,900,168,"287,744",0.22,129.3,39773650,93.0,91.9,95.2,552,516,20,2.01,2.53
2013-03,12749.9,"5,696,760","4,864.20",3264.4,591.1,264.1,74190,123.3,122.9,154.1,140.4,179.4,145.5,150.5,152,149.3,93,0.986,"2,104","2,266","68,002",114.2,982,179,"286,304",0.22,129.2,39905175,93.0,92.0,95.2,562,525,17,1.59,2.49
2013-04,12456.5,"5,669,353","4,870.10",3275.9,579.5,258.5,63170,123.1,122.7,154.5,141,180.1,144.8,151.2,152.8,149.4,93.2,0.988,"2,255","4,920","65,868",114.5,966,203,"284,865",0.21,129.6,39719107,93.2,92.2,95.3,573,533,16,1.54,2.38
2013-05,12650.42,"5,785,692","4,876.60",3312.0,561.3,267.9,56830,123.2,123,154.9,141.1,180.9,145,152.1,153.5,150.7,93.4,0.989,"3,358","3,924","65,287",114.6,930,185,"293,116",0.21,129.4,40395039,93.4,92.4,95.4,598,549,16,1.52,2.65
2013-06,12129.11,"5,660,497","4,883.50",3360.4,557.6,273.9,54490,123.4,123,155.4,141,181.9,145.2,152.7,154,150.3,93.5,0.986,"2,969","2,005","66,249",114.8,996,205,"301,366",0.20,129.7,40100664,93.5,92.5,95.5,577,535,17,1.76,2.96
2013-07,12486.64,"5,794,436","4,890.40",3395.0,541.0,290.6,71050,123.6,123.1,156.1,140.7,183.2,145.2,153.7,155.1,150.5,93.6,0.982,"2,692","2,476","66,442",114.9,"1,085",171,"309,617",0.20,129.5,40573313,93.6,92.7,95.6,536,518,21,1.77,2.97
2013-08,12653.9,"5,886,945","4,897.10",3426.8,532.7,300.8,73180,123.7,123.1,157,141.3,184.5,145.9,154.8,156.5,151,93.7,0.983,"3,418","2,143","67,784",115.2,"1,221",176,"308,893",0.20,129.7,40890989,93.7,92.8,95.7,519,507,23,1.91,3.09
2013-09,12787.2,"5,852,961","4,903.80",3421.5,535.2,299.2,51440,123.8,123.3,157.8,141.2,186.1,144.8,155.8,157.3,151.2,93.8,0.985,"2,124","1,987","67,915",115.3,915,161,"308,168",0.20,129.9,40785782,93.8,92.8,95.7,570,538,20,2.02,3.09
2013-10,13361.26,"5,808,174","4,909.70",3401.2,543.6,283.8,50950,123.7,123,158.8,142.6,187.6,145.2,157.4,158.9,152.3,93.8,0.985,"4,059","2,631","69,354",115.6,926,167,"307,444",0.20,130.4,40918659,93.8,92.9,95.7,598,545,19,1.58,3.01
2013-11,13395.4,"5,817,014","4,915.40",3363.6,561.7,264.8,51590,123.6,123,159.8,142.5,188.7,145.1,158.8,160.3,152.6,93.9,0.983,"3,214","2,801","69,699",115.7,"1,233",182,"305,248",0.21,130.7,40931618,93.9,92.9,95.8,592,545,21,1.56,3.14
2013-12,13621.55,"5,796,084","4,920.40",3351.8,555.6,260.2,55830,123.4,122.7,160.5,142.5,190.1,145.5,160,161.6,153.2,93.9,0.979,"2,763","3,399","69,062",115.8,980,166,"303,052",0.21,130.9,40959258,93.9,93.0,95.8,544,525,26,2.02,3.2
2014-01,13694.94,"5,895,933","4,925.20",3333.0,562.5,259.8,66070,123.7,123.1,161.3,143.2,192,145.8,161.1,162.8,154,94.1,0.984,"2,882","1,541","70,387",115.9,786,161,"300,856",0.22,131.2,41355487,94.1,93.3,95.9,553,532,27,1.92,2.94
2014-02,14209.59,"5,905,441","4,929.80",3322.3,567.5,262.9,66610,125,124.1,161.8,145,194.7,146,161.9,163.8,154.1,94.4,0.995,"3,001","2,287","71,104",116.1,835,168,"300,359",0.21,131.3,41682461,94.4,93.6,96.0,605,559,17,1.65,2.96
2014-03,14335.31,"5,947,423","4,934.40",3303.6,575.6,260.6,71270,125.5,124.8,162,144.5,196.5,145.4,162.6,164.4,154.9,94.5,0.997,"1,207","2,116","70,193",116.3,883,217,"299,862",0.20,131.5,41587638,94.5,93.7,96.1,599,564,15,1.32,2.96
2014-04,14651.87,"6,108,896","4,939.40",3316.3,590.3,254.8,60140,126.4,125.2,162.4,143.9,198.1,146.6,163.3,165.2,155.5,94.7,0.999,"3,035","3,335","69,882",116.6,916,206,"299,365",0.19,132.5,42080184,94.7,94.0,96.2,642,584,13,1.32,2.93
2014-05,14604.16,"6,040,807","4,944.70",3335.3,580.1,266.3,52250,127,125.8,162.9,144,199.4,145.8,164.1,166.2,155.1,94.8,0.998,"3,181","2,899","70,165",116.7,"1,069",205,"309,938",0.19,132.9,42196608,94.8,94.1,96.3,652,590,14,1.16,2.76
2014-06,15146.01,"6,163,446","4,950.50",3366.2,569.6,280.9,50130,127.4,125.9,163.7,144.6,200.3,146.1,165.3,167.3,156.1,94.9,0.996,"2,342","3,475","69,031",116.7,"1,062",217,"320,512",0.19,132.9,42686363,94.9,94.3,96.4,618,575,15,1.32,2.82
2014-07,15330.74,"6,174,427","4,955.90",3382.0,549.4,304.4,68660,126.9,125.7,164.4,145.3,200.6,145.9,166.4,168.5,156.8,94.9,0.99,"3,313","3,895","68,682",116.8,870,256,"331,085",0.19,133.5,42909594,94.9,94.3,96.4,576,556,18,1.54,2.7
2014-08,15625.73,"6,189,397","4,961.30",3389.5,532.8,309.8,70250,126.9,125.7,165.4,145.6,200.9,146.2,167.7,169.7,157.2,95.2,0.988,"2,043","1,687","69,041",116.9,859,239,"328,694",0.19,133.3,42833664,95.2,94.5,96.6,566,552,21,1.66,2.57
2014-09,14960.51,"6,237,778","4,965.90",3367.5,529.7,301.5,46970,127.2,125.8,166.4,145.9,201.5,146.9,169,171.2,157.6,95.3,0.992,"1,265","1,631","68,663",117,"1,052",242,"326,304",0.18,133.5,43065604,95.3,94.6,96.6,627,581,18,1.78,2.73
2014-10,14613.32,"6,285,041","4,970.10",3342.3,531.8,279.7,46710,127.4,125.9,167.6,146,201.9,146.9,170.5,172.7,158.6,95.4,0.991,"2,271","2,527","68,385",117.2,"1,031",243,"323,913",0.18,134.2,43041965,95.4,94.7,96.7,635,595,17,1.38,2.59
2014-11,14744.7,"6,299,652","4,973.90",3309.5,550.7,255.9,47450,126.9,125.4,168.9,146.7,202.9,147.9,172.1,174.5,160.1,95.5,0.988,"2,130","1,815","68,696",117.3,"1,075",250,"323,869",0.18,134.4,42919754,95.5,94.8,96.8,619,583,19,1.43,2.48
2014-12,14632.44,"6,306,181","4,977.50",3292.2,562.2,239.1,51550,126.2,124.5,169.9,147.2,202.8,147.4,173.4,175.9,161.3,95.5,0.984,"2,259","2,005","68,948",117.4,842,243,"323,825",0.19,135.0,42988092,95.5,94.9,96.8,577,564,26,1.55,2.33
2015-01,14673.48,"6,069,935","4,980.90",3272.1,569.2,234.6,63150,126.3,124.3,170.6,148,203.2,146.9,174.1,176.7,161,95.5,0.991,"2,974","11,981","60,152",117.5,"1,073",254,"323,781",0.19,135.2,41539132,95.5,94.8,96.9,583,558,23,1.98,1.93
2015-02,15234.34,"6,157,961","4,984.20",3258.9,567.0,228.9,64990,127.2,125.4,171.2,148.9,200.8,147.9,175.1,178.2,160.4,95.6,1.001,"1,657","5,442","56,370",117.7,911,249,"323,197",0.18,135.3,42395758,95.6,95.0,97.0,630,603,15,1.33,1.95
2015-03,14902.44,"6,315,275","4,987.30",3264.2,564.1,231.1,68810,127.9,126.3,172.1,149.5,199.2,148.8,176.5,179.9,161.7,95.7,1.006,"3,605","4,297","55,681",117.8,720,234,"322,613",0.17,135.6,42908167,95.7,95.0,97.0,657,622,14,1.2,1.97
2015-04,15224.52,"6,321,902","4,990.60",3284.8,563.0,229.1,56520,127.7,126.2,173.2,150.4,198,148.8,177.8,181.3,162.6,95.7,1.012,"3,280","2,911","55,902",118,717,253,"322,029",0.16,136.4,42961463,95.7,95.1,97.0,692,643,12,1.01,2.19
2015-05,15014.09,"6,420,992","4,994.20",3328.6,564.7,234.7,49240,128.5,126.9,174.4,150.5,196.1,149.6,179.2,182.7,163,95.9,1.01,"4,989","3,734","57,153",118.1,744,241,"332,654",0.16,136.6,43268403,95.9,95.1,97.6,717,658,12,1.14,2.25
2015-06,14553.33,"6,540,440","4,998.90",3372.5,551.5,237.8,48190,128.8,127.2,176.2,150.7,196.5,150,181.3,185.3,163.7,96.1,1.006,"2,718","3,863","56,006",118.1,503,243,"343,280",0.15,136.8,43688409,96.1,95.3,97.9,683,644,15,1.1,2.38
2015-07,14468.44,"6,580,206","5,004.10",3419.1,526.6,245.5,68220,129.2,127.3,178.1,151.6,197.1,149.5,183.6,187.7,164.7,96.2,0.998,"2,083","2,998","55,091",118.2,725,227,"353,905",0.15,136.9,44032725,96.2,95.5,97.9,618,614,18,1.35,2.2
2015-08,13859.12,"6,553,116","5,009.50",3458.2,500.0,258.5,70500,128.7,127.3,180.1,151.7,197,149.3,185.6,189.8,165.6,96.5,0.997,"5,529","1,772","58,849",118.3,646,235,"353,458",0.15,137.1,44211643,96.5,95.8,98.0,610,610,19,1.72,2.2
2015-09,13306.96,"6,520,683","5,014.60",3450.6,506.8,256.5,47260,129,127.1,182,153.2,196.7,150.1,187.3,191.8,167.5,96.6,1,"4,888","2,387","61,297",118.4,570,258,"353,012",0.15,137.5,44210057,96.6,95.9,98.0,673,632,16,1.7,2.21
2015-10,13529.17,"6,530,167","5,019.80",3430.2,517.9,250.6,45360,129,127.2,183.9,152.8,195.9,150.5,188.6,193.1,168.2,96.8,0.996,"3,388","1,781","62,765",118.7,716,270,"352,565",0.15,138.6,44158745,96.8,96.2,98.1,674,638,17,1.47,2.26
2015-11,13469.83,"6,628,169","5,024.90",3384.0,536.4,227.8,45480,129.1,127.1,185.9,154.1,195,150.8,190.2,195,169,96.9,0.993,"5,043","1,536","66,292",118.8,743,297,"351,402",0.15,138.9,44640122,96.9,96.4,98.1,654,637,21,1.47,2.29
2015-12,13009.95,"6,703,765","5,029.80",3384.4,537.3,224.7,48900,128.7,126.5,187.8,155.3,194.7,151.1,191.9,196.9,170.3,97,0.99,"2,133","3,682","64,798",118.9,685,298,"350,238",0.15,139.2,44590158,97.0,96.5,98.1,629,613,25,1.4,2.16
2016-01,12822.13,"6,848,762","5,034.90",3373.2,537.8,222.0,60090,129,126.8,190.1,156.8,194,151.7,193.8,199.5,170.9,97.1,0.997,"1,843","4,104","62,566",119,"1,083",287,"349,075",0.15,139.4,45148997,97.1,96.7,98.1,635,633,25,1.68,2.05
2016-02,12860.35,"6,874,424","5,040.80",3361.2,539.3,225.5,62460,129.4,127.1,192.8,158.7,192.2,151.8,195.6,201.6,171.9,97.3,1.013,"3,402","2,347","63,685",119.1,756,296,"353,334",0.15,139.6,45498470,97.3,97.0,98.1,721,693,15,1.1,1.93
2016-03,13494.36,"6,750,065","5,047.20",3344.5,535.4,234.6,66780,130.3,127.9,195.5,160.7,191.2,152.2,198.2,204.4,172,97.5,1.022,"4,167","3,154","64,702",119.2,902,286,"357,593",0.14,139.9,45033283,97.5,97.2,98.1,703,696,13,0.92,2
2016-04,13951.45,"6,715,484","5,054.00",3360.4,551.2,243.0,53280,130.7,128.3,198.8,163.1,190.7,153,202.2,208.7,173.3,97.7,1.036,"3,100","1,725","66,064",119.4,986,259,"361,852",0.14,140.4,45462781,97.7,97.6,98.1,767,748,11,0.73,2.06
2016-05,14065.78,"6,790,158","5,061.30",3399.8,558.5,252.0,45910,131.2,128.8,202.6,165.5,190.5,153.7,206.9,213.8,175.1,98.5,1.041,"2,921","3,514","65,469",119.4,888,256,"373,779",0.14,140.9,45168072,98.5,98.5,98.5,783,760,12,0.77,2.01
2016-06,14064.54,"6,818,771","5,069.20",3432.4,564.3,240.7,43670,131.5,129.1,206.1,167.8,190.4,154.8,211.6,218.8,177.7,98.6,1.039,"4,048","1,622","67,888",119.6,850,270,"385,706",0.13,142.3,45622380,98.6,98.5,98.6,777,755,11,0.72,1.76
2016-07,14582.74,"6,941,550","5,077.30",3447.1,544.9,239.7,49550,131.4,128.9,209.2,169.9,190.7,155.3,215.9,224.1,180.3,99,1.027,"3,499","2,303","68,956",119.7,690,271,"397,633",0.13,142.9,45436118,99.0,99.0,98.7,692,716,13,0.93,1.69
2016-08,14597.95,"6,813,861","5,085.90",3452.8,520.7,245.8,67330,131.1,128.7,211.4,173.2,190.8,154.7,220.1,228.8,184.1,99.1,1.025,"3,546","3,145","69,048",119.8,720,257,"399,006",0.13,143.6,45622198,99.1,99.3,98.7,681,718,15,0.95,1.63
2016-09,14725.86,"6,992,201","5,094.20",3429.6,517.2,253.5,43700,131.7,128.8,213.2,174.6,190.8,156,223.6,232.7,186.2,99.3,1.034,"2,569","3,311","68,306",119.9,693,269,"400,379",0.12,144.0,46192583,99.3,99.3,99.0,767,765,12,1.01,1.64
2016-10,14787.27,"7,037,549","5,102.20",3397.4,536.2,242.9,41340,132,129.1,214.4,178,190.9,157.1,227,236.5,188.8,99.7,1.031,"4,204","3,518","69,069",120,935,265,"401,752",0.12,145.1,46481059,99.7,99.8,99.5,771,770,12,0.96,1.82
2016-11,15082.85,"7,025,343","5,109.10",3359.0,563.9,219.3,40110,131.7,128.6,215.9,179.4,191.1,158.2,229.9,239.4,193,99.9,1.024,"2,743","3,197","68,618",120.1,842,254,"404,349",0.12,146.2,46758993,99.9,99.9,100.0,792,782,14,0.83,2.16
2016-12,15287.59,"7,105,033","5,115.60",3357.1,576.2,212.0,44190,131.5,128.4,217.3,183.2,191.4,160.3,232.9,242.2,196.2,100,1.016,"2,985","2,673","68,918",120.2,971,301,"406,945",0.11,146.3,47286384,100.0,100.0,100.0,712,736,19,0.87,2.34
2017-01,15385.96,"7,294,697","5,122.50",3367.4,585.5,220.5,58000,132.1,129.5,220.4,183.7,191.9,159.6,238.7,248.4,201.7,100.1,1.042,"4,010","4,419","68,515",120.2,"1,172",322,"409,542",0.11,146.5,48568234,100.1,99.9,100.4,728,774,18,1.11,2.45
2017-02,15399.24,"7,369,975","5,129.30",3379.5,595.1,231.1,58170,132.5,129.7,225.3,185.2,192.7,158.8,248.9,259.3,207.7,100.5,1.09,"2,541","4,022","67,064",120.3,"1,124",327,"412,754",0.11,146.4,48022072,100.5,100.2,100.9,855,883,12,0.8,2.42
2017-03,15547.75,"7,511,845","5,136.40",3388.7,599.3,239.2,63630,133,129.9,231,187.2,193.5,160.7,260.1,270.7,219.5,100.7,1.127,"3,844","3,200","67,698",120.5,"1,089",321,"415,967",0.10,147.0,48131622,100.7,100.4,101.3,898,921,9,0.76,2.28
2017-04,15586.13,"7,697,169","5,143.10",3398.1,601.4,226.6,50740,133.6,130.4,233.5,189.7,194.3,161.8,262.6,272.4,228.5,101.5,1.114,"3,267","3,177","67,770",120.7,"1,018",331,"419,179",0.10,147.1,48989825,101.5,101.2,102.3,942,925,8,1.19,2.16
2017-05,15349.91,"7,597,812","5,150.90",3446.5,593.3,236.0,41420,133.7,130.5,232.7,192.8,195.1,163,258,268,230.7,102.2,1.056,"1,947","2,201","67,537",120.7,888,318,"426,999",0.10,148.5,48892363,102.2,101.7,103.1,898,868,10,1.9,2.05
2017-06,15182.19,"7,447,284","5,159.00",3481.6,594.7,234.3,38980,134.2,130.4,231,196.4,195.8,163.6,251.7,261.5,230,102.4,1.01,"3,167","2,627","68,074",120.8,"1,209",333,"434,819",0.09,149.2,48931942,102.4,102.1,103.1,825,797,14,2.47,2.06
2017-07,15143.87,"7,467,913","5,167.80",3518.8,578.5,251.1,60850,134,130.4,228.9,198.6,195.6,164.8,245.8,254.4,229.1,102.8,0.99,"3,792","2,226","69,638",120.9,"1,208",295,"442,639",0.09,149.2,49015122,102.8,102.7,103.3,764,751,22,3.34,2.35
2017-08,15211.87,"7,701,903","5,177.30",3510.2,578.2,243.7,63310,133.8,130.5,228,200.5,195.8,167.1,241.9,250.5,229.6,102.9,0.984,"4,612","3,522","70,442",120.9,"1,009",312,"436,153",0.09,149.2,49071782,102.9,102.8,103.3,728,736,24,2.52,2.27
2017-09,15634.94,"7,515,038","5,187.00",3492.9,570.0,236.4,38670,134.4,130.8,228,202.4,195.8,166.3,240.6,248.7,231.1,103.1,0.986,"2,980","3,612","69,794",121.1,"1,318",349,"429,666",0.09,149.4,49008765,103.1,102.9,103.6,806,777,21,2.75,2.49
2017-10,16025.59,"7,643,715","5,196.50",3473.6,576.5,215.9,36270,134.3,130.9,228.4,204.7,195.3,168.2,240,247.7,233.8,103.2,0.986,"2,438","2,988","69,239",121.2,"1,092",348,"423,180",0.09,150.5,50410330,103.2,103.1,103.6,820,786,19,2.31,2.38
2017-11,16067.48,"7,677,821","5,205.00",3465.0,583.2,203.5,36000,134.6,131.3,229.1,206.9,195.5,168.7,239.8,247.5,235.3,103.3,0.989,"3,900","2,227","70,941",121.5,966,373,"417,544",0.09,150.7,50053362,103.3,103.2,103.6,801,763,21,2.27,2.23
2017-12,16209.13,"7,584,212","5,213.50",3489.0,602.7,201.4,39420,134,130.8,229.5,209.1,195.5,169.9,239,246.1,237.1,103.3,0.985,"2,240","2,911","70,349",121.7,"1,068",329,"411,908",0.09,151.0,50077941,103.3,103.2,103.7,742,738,25,2.64,2.2
2018-01,15951.67,"7,632,376","5,223.20",3487.7,606.8,200.8,54820,135.3,131.7,229,211.2,196,169.7,237.8,244.7,238.9,103.3,0.982,"3,148","3,346","70,111",122,859,306,"406,272",0.09,151.3,50061338,103.3,103.2,103.7,769,744,32,3.13,2.36
2018-02,15442.68,"7,609,114","5,232.80",3477.5,610.3,197.6,52250,136,132.5,227.8,214.6,196.5,170.7,235.6,241.9,239.7,103.1,0.992,"5,677","3,721","72,056",122.2,858,281,"403,627",0.09,151.5,49796692,103.1,102.9,103.8,803,770,23,2.5,2.37
2018-03,15367.29,"7,748,571","5,242.50",3457.1,594.3,197.6,57510,136.7,132.9,226.8,216.7,196.8,170.9,235,240.9,241.5,103.1,0.997,"2,877","2,551","72,344",122.4,893,276,"400,983",0.10,151.1,49781124,103.1,102.9,103.7,819,789,17,1.9,2.25
2018-04,15607.88,"7,556,575","5,252.00",3459.2,580.9,198.1,42730,136.8,133.3,226.1,218.3,196.5,171.3,235.1,240.6,243.6,103.1,0.998,"2,158","3,107","71,386",122.6,"1,009",276,"398,338",0.10,151.1,49972651,103.1,102.7,103.7,866,809,16,1.99,2.47
2018-05,16061.5,"7,661,466","5,262.00",3495.8,550.8,215.8,36280,136.7,133.4,225.7,218,195.9,172.4,235.4,241.6,244.9,103.1,0.998,"2,075","4,474","68,626",122.9,924,313,"404,850",0.10,151.3,51326860,103.1,102.7,103.8,865,812,15,2.21,2.28
2018-06,16277.73,"7,941,207","5,272.30",3538.2,533.7,225.6,34130,137.5,133.6,225.6,219.5,195.7,172.5,236.8,243.2,246.9,103.2,0.994,"4,716","2,637","70,709",123.1,881,257,"411,363",0.10,151.6,51112207,103.2,103.0,103.9,870,812,17,2.21,2.16
2018-07,16434.01,"7,755,122","5,282.90",3582.5,533.0,237.5,56480,138,134.3,225.5,220.5,194.8,174.2,238.1,244.4,249.7,103.3,0.988,"3,363","2,762","71,377",123.2,727,289,"417,875",0.10,151.8,50769994,103.3,103.1,103.9,823,788,22,2.64,2.3
2018-08,16262.88,"7,907,297","5,293.80",3583.9,531.0,240.0,60340,137.9,134.2,225.3,221.9,194,176.3,238.8,244.9,251.5,103.3,0.985,"2,494","1,997","71,170",123.5,884,287,"414,334",0.10,152.3,51034086,103.3,103.0,103.9,783,768,24,2.58,2.32
2018-09,16073.14,"7,925,529","5,304.40",3545.3,539.6,232.6,33130,137.4,133.7,224.9,223.5,193.1,177.2,240.1,246.2,254.6,103.3,0.992,"3,570","3,464","71,276",123.6,690,307,"410,792",0.10,152.6,51231312,103.3,102.9,104.0,864,801,20,2.84,2.42
2018-10,15027.28,"8,130,813","5,313.80",3516.9,550.5,223.5,31170,137.9,134.1,224.7,224.4,193.6,177,240.6,246.7,256.5,103.3,0.991,"3,719","3,129","71,484",123.9,832,304,"407,251",0.10,153.6,51406344,103.3,102.9,104.0,872,814,18,2.14,2.52
2018-11,15197.82,"7,918,238","5,322.90",3496.8,583.9,201.4,31830,137.4,133.5,223.3,225.6,193.5,178.4,239.8,245.9,256.9,103.3,0.988,"4,116","3,221","72,363",124,697,337,"391,517",0.10,153.7,50544898,103.3,102.9,104.1,838,791,22,2.55,2.41
2018-12,14322.86,"7,844,199","5,331.80",3510.7,609.4,190.1,36420,137.5,133.4,222.2,224.8,192.7,178.4,238.7,244.2,260,103.3,0.982,"3,194","3,341","72,175",124.1,878,344,"375,782",0.09,154.1,50862401,103.3,102.9,104.1,762,753,27,3.11,2.15
2019-01,15540.6,"7,828,326","5,341.40",3512.6,627.4,194.9,48220,137.7,133.6,219.7,224.5,191.5,179.4,236.1,241.6,256.8,103.2,0.984,"3,185","2,744","72,594",126.1,855,329,"360,048",0.09,154.4,50435197,103.2,102.8,104.1,776,753,32,3.44,2.17
2019-02,15999.01,"7,825,800","5,350.20",3531.5,637.9,206.2,49660,138.6,134.5,217,222.7,190.3,179.5,234.2,239.8,255.9,103.2,0.992,"1,586","2,051","72,117",127.8,775,312,"362,004",0.09,154.6,50488957,103.2,102.8,104.1,841,783,22,2.64,2.16
2019-03,16102.09,"7,958,779","5,359.00",3555.3,629.6,230.0,56140,139.5,135.4,215.4,222.3,189.3,179.1,234,239.8,255.2,103.2,0.995,"2,620","2,076","72,662",128.1,402,332,"363,960",0.10,154.9,51132105,103.2,102.8,104.1,827,790,18,2.12,1.84
2019-04,16580.73,"8,214,316","5,368.00",3584.4,626.6,233.4,41370,139.8,136,215.2,222.7,189.3,180,235,241.1,256.8,103.2,0.999,"3,154","3,068","72,749",128.1,444,350,"365,916",0.10,155.4,51429477,103.2,102.6,104.1,902,825,15,1.95,1.99
2019-05,16037.49,"8,296,150","5,377.90",3615.8,598.0,233.9,35940,140.3,136.6,215.6,222.9,189.2,180.8,237.4,243.2,260,103.1,1,"1,738","2,669","71,779",126.7,979,459,"377,140",0.10,155.6,51851109,103.1,102.5,104.2,935,842,16,1.81,1.82
2019-06,16382.2,"8,192,023","5,388.40",3640.8,588.8,222.9,34240,140.3,136.3,216.6,223.5,189.1,183.1,239.8,245.2,263.9,103,0.997,"3,015","1,255","73,290",127.5,505,506,"388,364",0.10,155.5,51506218,103.0,102.4,104.2,914,835,17,1.98,1.73
2019-07,16406.56,"8,221,077","5,399.70",3679.3,563.4,229.0,57950,141.2,137,217.8,224.9,189,184.3,242.1,248.1,267.1,102.9,0.994,"2,771","4,821","71,021",129.4,437,567,"399,588",0.10,155.7,51781731,102.9,102.2,104.1,841,809,20,2.07,1.7
2019-08,16442.07,"8,103,839","5,410.80",3697.6,549.8,241.3,59390,140.9,136.8,218.9,225.5,189.4,184.8,244,250,269.9,103,0.992,"3,131","1,837","72,311",130.1,454,580,"399,816",0.10,155.2,51713108,103.0,102.3,104.2,816,795,25,2.3,1.37
2019-09,16658.63,"8,254,679","5,422.30",3695.4,550.9,233.4,34870,139.7,136.2,220.2,227.2,190,188.8,245.8,251.7,272.4,103.2,0.999,"2,749","1,250","73,711",128.6,451,574,"400,043",0.10,155.1,51642033,103.2,102.6,104.2,910,845,17,2.14,1.57
2019-10,16483.16,"8,008,961","5,432.50",3652.5,563.4,212.4,34410,140.3,136.6,221.5,227.6,190,190.8,247.6,253.4,274.3,103.3,1,"2,662",952,"75,404",130.8,346,561,"400,271",0.10,156.7,50948741,103.3,102.7,104.2,925,856,18,1.75,1.6
2019-11,17040.2,"8,244,764","5,442.20",3623.4,585.9,185.7,35830,139.9,136.4,222.6,228.9,189.6,191.3,249.1,254.1,278.8,103.2,0.998,"2,037","2,122","75,179",129.1,384,567,"399,160",0.10,157.0,51270831,103.2,102.5,104.3,910,848,21,1.65,1.58
2019-12,17063.43,"8,528,990","5,450.30",3618.2,580.8,175.0,41110,140.1,136.4,223.4,229.7,190,193,250.1,254.9,281.9,103.4,0.994,"1,814","2,565","74,451",129.3,383,567,"398,048",0.10,157.3,52344902,103.4,102.8,104.4,885,839,29,1.71,1.67
2020-01,17318.49,"8,463,214","5,457.90",3637.9,590.6,175.5,52590,139.9,136.8,224.1,231,189.6,195.6,251.1,254.5,285.9,103.4,1.007,"2,518","2,803","74,165",128.6,347,566,"396,937",0.10,157.5,51930547,103.4,102.6,104.8,884,841,27,1.96,1.45
2020-02,16263.05,"8,663,271","5,465.00",3642.3,595.9,183.2,51010,140.5,137.4,224.8,229.8,188.8,197.7,253.3,256.7,289.5,103.8,1.033,"2,406","2,362","74,197",130.2,338,539,"406,026",0.10,157.3,52136503,103.8,103.1,105.0,986,915,17,1.38,1.35
2020-03,13378.75,"7,562,750","5,472.60",3589.9,574.6,227.5,68520,140.1,136.6,224.6,228.5,187.3,199.2,255,258.1,290.7,104.1,1.041,"1,916","2,370","73,728",131.6,276,566,"415,114",0.10,157.8,46059539,104.1,103.5,105.1,987,907,12,1.42,1.36
2020-04,14780.74,"5,205,611","5,479.40",3466.7,506.3,298.6,64690,139.8,135.7,221.7,228.1,185.1,197.8,251.3,254.6,287.6,104.1,0.992,"5,062","2,069","76,537",131.2,372,532,"424,203",0.10,158.2,35195868,104.1,103.5,105.1,883,827,15,3.08,1.15
2020-05,15192.83,"5,833,895","5,485.50",3394.9,426.5,421.7,50890,139.7,136.1,223.5,228.8,184.3,197.4,255.1,258.9,286.7,104.2,0.992,"2,558","2,942","76,183",129.3,397,547,"430,270",0.10,158.0,43643147,104.2,103.6,105.1,953,869,20,2.47,1.1
2020-06,15515.22,"7,932,465","5,491.30",3431.3,414.2,495.6,34960,140.7,137.2,227.5,231.6,183.8,200.3,260.1,264.7,285.7,104.3,1.007,"3,470","1,974","77,667",130.6,451,557,"436,337",0.11,158.0,53418795,104.3,103.7,105.2,1000,941,14,1.57,1.02
2020-07,16169.2,"7,909,247","5,497.90",3570.5,446.8,552.6,28460,140.6,137.2,233.2,235,186.3,206.3,267.5,272.2,289.8,104.7,1.014,"4,121","2,939","78,820",128.4,378,532,"442,404",0.11,157.9,53426106,104.7,103.9,105.9,1000,949,15,1.25,0.95
2020-08,16514.44,"7,825,036","5,505.00",3682.5,498.3,532.0,21140,140.4,137,238.6,239.3,188.4,210.9,273.6,279.2,291.7,105.2,1.02,"5,243","2,622","81,432",131.3,349,544,"449,382",0.10,157.8,53254868,105.2,104.6,106.3,1000,958,14,1.47,1.12
2020-09,16121.38,"8,338,848","5,512.20",3735.3,535.5,497.7,13230,140,136.9,242.4,244.3,190.8,214.1,276,281.3,291.8,106.5,1.023,"2,791","3,390","80,824",130.5,450,511,"456,361",0.10,158.1,54870019,106.5,106.1,106.8,1000,972,13,1.59,1.11
2020-10,15580.64,"7,809,893","5,519.20",3756.3,564.9,433.3,208050,140.8,137.5,245.1,249.7,192.9,217.4,276.9,282.4,290.1,107.3,1.018,"3,001","2,490","81,334",131.1,474,482,"463,339",0.09,159.6,55517491,107.3,107.3,107.4,1000,978,14,1.38,1.17
2020-11,17190.25,"8,276,955","5,526.10",3751.5,585.4,381.3,213980,140.7,137.7,248.5,255.5,195.3,220.8,279.4,285.5,288.9,107.9,1.015,"2,913","2,771","81,457",129.1,603,504,"462,018",0.09,159.9,55562005,107.9,108.0,107.8,982,962,18,1.43,1.22
2020-12,17433.36,"7,659,735","5,531.50",3747.0,583.0,374.7,234470,140.5,137.4,252.2,261.8,196.3,224.3,282.3,288.8,289.7,108.2,1.016,"2,588","2,109","81,942",128.7,647,474,"460,697",0.10,159.7,53315486,108.2,108.3,108.0,900,938,24,1.06,1.24
2021-01,17337.02,"7,767,445",5536.1,3714.8,549.6,396.7,271730,141,138.2,257.5,268.4,197.3,224.8,288.5,297,290.2,109,1.036,"2,911","1,300",83561,129.8,572,483,"459,376",0.1,159.7,52260090,109.0,109.3,108.4,871,975,22,1.29,1.45
2021-02,18060.26,"7,690,688",5540.8,3679.2,514.0,411.5,285480,141.7,138.9,264.1,277.2,198.1,230.4,294.9,304.1,291.9,111.1,1.078,"1,605","3,686",81069,129.6,591,448,"475,707",0.10,160.0,55786774,111.1,111.0,110.1,999,1100,13,0.96,1.88
2021-03,18700.67,"8,613,845",5545.8,3638.4,501.4,386.6,266740,142.5,139.6,270.9,288.5,201.1,239.2,300.4,309.6,297.1,112.3,1.127294324,"5,109","5,158",80927,131.7,426,428,"492,037",0.09,160.4,58522542,112.3,112.4,110.7,1100,1100,10,0.81,1.97
2021-04,19108.33,7847376,5551.1,3624.0,505.0,358.8,287960,143.1,140.3,275.9,298.1,203.9,244.4,304.7,313.5,302.7,114.4,1.118618996,"2,802","2,822",80907,130.7,476,453,508368,0.09,161.1,55624348,114.4,114.3,112.9,1100,1100,9,0.99,2.07
2021-05,19730.99,7515068,5555.3,3643.5,503.8,364.9,274780,143.7,141.0,280.6,305.4,206,248.4,310.2,318.4,307.5,114.8,1.101362079,2656,5026,78490,131.0,521,409,"520,907",0.09,162.1,54540124,116.0,116.6,113.4,1100,1100,10,1.12,2.04
2021-06,20165.58,8345795,5559.1,3696.7,495.8,385.2,255900,144.2,141.4,285.2,310.8,208,250.6,316.1,324.5,313.2,114.9,1.081764286,3130,3392,78346,132.0,423,397,"533,445",0.08,163.3,56792174,116.7,117.9,112.9,1100,1100,12,1.16,1.84
2021-07,20287.8,8616744,5563.6,3762.5,502.2,390.1,263240,144.6,142.3,288.6,316.3,209.1,251,321.5,330.5,315.7,115.1,1.065877732,4055,2821,79009,131.2,364,389,545984,0.08,163.6,56785108,117.2,118.6,113.0,1000,1100,14,1.18,1.73
2021-08,20582.94,9017301,5569.7,3827.2,542.0,380.0,247940,145.0,142.6,293,325,209.7,252.6,326.9,336.1,319.8,116.1,1.065568266,4029,2433,80623,131.0,505,369,"539,362",0.08,163.8,57699143,118.0,119.5,113.5,998,1100,17,1.23,1.82
2021-09,20070.25,8675773,5576.7,3846.2,567.7,359.7,171980,145.3,142.9,299.5,330.1,210.6,255,337.6,348.5,328.7,116.1,1.108774534,4612,2201,83033,132.5,443,367,"532,740",0.07,164.6,57201326,118.5,120.1,113.8,1100,1100,13,1.21,1.98
2021-10,21037.07,8861917,5584.0,3846.1,608.4,327.4,77160,146.5,143.9,308.2,339.6,212.6,259.6,352.4,364.7,343.6,117.5,1.08881762,2644,1949,83728,133.9,666,345,526118,0.07,165.3,58218955,119.6,121.4,114.4,1100,1200,12,0.81,1.92
2021-11,20659.99,9110651,5591.1,3831.9,633.7,284.0,72740,146.8,144.2,316.5,348.3,214.9,264,364.8,378.6,355.3,119.2,1.130803661,5940,2577,87107,132.7,431,422,"530,261",0.07,166.2,58750669,120.5,122.4,115.1,1100,1200,13,0.8,2.07
2021-12,21222.84,9058401,5599.6,3845.7,660.1,258.6,68670,147.1,144.0,323.7,357.7,217.6,268.1,374.5,389,363.3,119.2,1.125542492,2405,3358,86163,133.7,391,400,"534,404",0.06,167.9,57919779,120.8,122.9,115.2,1000,1200,16,0.67,1.76
2022-01,21098.29,9543254,5608.4,3841.8,642.9,277.3,80580,148.3,145.3,338.3,367,222.9,278.1,391.9,407.5,376.1,119.2,1.168851694,1643,2203,85605,134.5,456,356,538547,0.06,168.6,59986831,121.9,124.3,115.5,1100,1200,14,1.07,2.07
2022-02,21126.36,9782020,5618.0,3824.8,630.3,273.0,71320,149.8,146.8,347.4,376.2,232.4,279.4,403.6,418.7,390.9,120.0,1.201435757,5115,2952,87774,137.1,690,345,"544,658",0.06,169.1,60182697,123.2,126.0,116.1,1200,1300,9,0.97,2.23
2022-03,21890.16,9975824,5626.7,3792.8,619.6,269.3,73150,151.7,148.9,346,380.2,234.4,281.3,401.7,415.2,401,120.8,1.157657577,3163,3273,87656,137.9,514,320,"550,770",0.06,172.1,60483175,124.7,127.9,116.5,1200,1300,9,0.99,2.41
2022-04,20762,10012790,5634.6,3790.3,627.8,236.7,54910,152.6,149.8,339.7,384.2,237,282.8,391.9,404.4,399,120.8,1.088306006,2042,2064,87516,137.2,681,317,556881,0.06,174.0,60872720,125.1,128.6,116.7,1200,1300,11,1.4,2.79
2022-05,20729.34,9924526,5641.9,3806.8,612.4,238.9,46110,154.4,151.9,333.6,378.3,236.6,284.6,382,393.4,394.7,120.8,1.067114675,3311,1747,89041,139.1,568,317,"560,403",0.06,173.9,62190676,125.7,129.4,116.8,1200,1200,11,1.89,2.76
2022-06,18861.36,10559612,5648.9,3839.5,586.8,240.0,39980,154.9,152.9,325.5,373,236,282,370.5,381.3,385.7,120.8,1.014805446,4246,2139,91148,138.2,402,343,"563,926",0.06,173.9,62641072,125.9,129.6,117.0,1200,1200,12,2.18,3.21
2022-07,19692.92,9566078,5655.8,3863.6,566.6,241.9,64270,155.4,153.1,318.7,368,235.3,277.2,361.5,370.8,381.3,120.8,0.9831823769,3415,3453,91102,138.9,454,418,567448,0.06,173.3,61229439,126.0,129.6,117.2,1000,1100,17,2.94,2.83
2022-08,19330.81,9609805,5663.1,3874.7,556.4,250.5,64360,154.8,152.6,313.1,360.8,234.6,273.9,355.6,364.1,378.2,120.8,1.01093537,4535,2824,92785,137.5,393,374,"546,470",0.06,173.2,61436871,126.1,129.8,117.2,1000,1100,20,2.48,3.02
2022-09,18444.22,9720293,5670.8,3835.5,557.3,249.1,38530,154.9,152.7,309.6,354.9,234.8,270.1,352.7,362.2,374.1,120.8,0.994741118,5430,2082,96133,139.2,453,397,"525,493",0.07,174.0,61043913,126.0,129.7,117.1,1100,1100,18,2.78,2.97
2022-10,19426.14,9710630,5680.0,3808.1,583.6,246.9,35540,155.9,153.8,306.7,350.6,234.8,267.6,349,357.8,370.3,120.8,0.999883846,2858,2052,96246,140.5,324,389,504515,0.07,175.3,61814032,125.7,129.4,116.7,1100,1100,18,2.22,3.42
2022-11,20453.26,9661286,5689.3,3775.8,598.6,228.8,32540,156.3,154.0,304,345.9,235.4,266.8,346.4,355.4,366.7,120.8,1.001629698,3499,835,98913,143.2,545,366,"497,337",0.07,176.0,61788075,125.5,129.3,116.6,1100,1100,19,2.21,3.01
2022-12,19384.92,9700995,5699.1,3779.9,611.5,211.8,36360,155.9,153.1,300.6,341.4,235.8,266.8,342.7,352.1,364.2,120.8,,5852,3331,101434,143.0,413,359,"490,158",0.08,176.9,62122558,125.5,129.2,116.6,1000,1100,26,2.53,3.28
2023-01,20767.38,9646907,5710.5,3781.6,596.5,207.5,47220,156.8,153.9,296.8,337.2,237.1,266.4,337.7,346.6,360.1,120.8,,2695,,,145.1,772,363,482980,0.08,177.7,63020498,125.2,128.9,116.5,986,1000,27,2.78,2.91
2023-02,20221.19,9786520,5723.6,3795.3,592.0,201.1,48690,157.4,154.5,294.6,333.6,237.7,264.1,336.1,345.9,352.6,120.4,,4226,,,144.4,497,380,"482,271",0.08,178.5,62789365,124.9,128.5,116.4,1100,1100,19,1.93,3.3
2023-03,20099.89,9583084,5739.7,3827.3,588.7,213.8,55290,158.5,155.3,293.6,333.3,236.6,263.6,338.6,349.2,351.1,120.4,,3182,,,146.5,681,366,"481,561",0.08,179.3,61823308,124.9,128.4,116.4,1100,1100,17,1.39,3.04
2023-04,20636.54,9749382,5756.2,3847.7,586.9,207.6,43510,158.9,156.4,298.7,335.3,240.2,265.2,345.6,358.5,352.8,120.4,,4942,,,147.4,437,396,480852,0.08,180.8,62459656,124.8,128.2,116.5,1100,1200,14,1.36,2.97
2023-05,19572.24,9821710,5774.4,3900.0,588.3,232.0,38300,159.8,157.0,304.2,339.3,242.5,267.3,354.6,368.6,359.9,120.3,,3552,,,146.0,542,392,"480,143",0.08,182.4,62518143,124.9,128.3,116.6,1200,1200,12,1.35,3.14
2023-06,20155.29,9967849,5793.0,3958.8,581.5,248.8,37630,159.7,157.2,309.7,344.4,245.8,268.7,361.9,376.1,368.9,120.3,,7171,,,147.6,561,397,"479,433",0.08,183.7,62604092,125.0,128.3,116.7,1200,1200,11,1.67,3.11
2023-07,20626.64,9930936,5812.4,4014.7,569.6,275.8,62300,161.1,158.1,312.7,349.8,248.3,273,364.7,379.5,372.6,120.3,,5200,,,149.0,518,425,"478,724",0.08,184.9,62801697,124.9,128.2,116.7,1100,1100,15,2.58,3.29
2023-08,20292.62,,5834.0,4021.8,559.0,288.7,,161.4,158.7,313.7,354.3,251.6,275.7,363.8,378.8,373.2,120.2,,4137,,,150.7,415,544,"478,015",0.08,186.2,,125.0,128.1,117.0,1000,1100,18,3.04,3.41